county,zipCode,formattedAddress,state,city,location_id
Contra Costa,94801,"2031 Rheem Ave, Richmond, CA 94801",CA,Richmond,1
Lowndes,31601,"2319 Copeland Mill Dr, Valdosta, GA 31601",GA,Valdosta,2
Bexar,78213,"319 Mink, San Antonio, TX 78213",TX,San Antonio,3
Erie,14215,"154 Warwick Ave, Buffalo, NY 14215",NY,Buffalo,4
Hinds,39170,"911 Address Available, Terry, MS 39170",MS,Terry,5
Somerset,8844,"438 Brookside Ln, Hillsborough, NJ 08844",NJ,Hillsborough,6
Pinellas,33706,"7650 Bayshore Dr, Apt 405, Treasure Island, FL 33706",FL,Treasure Island,7
San Diego County,92071,"8777 Graves Ave, Santee, CA 92071",CA,Santee,8
Charleston,29406,"8446 Yorkshire Ln, North Charleston, SC 29406",SC,North Charleston,9
Henderson,28792,"17 Country Meadows Ln, Hendersonville, NC 28792",NC,Hendersonville,10
Maricopa,85340,"19477 W Badgett Ln, Litchfield Park, AZ 85340",AZ,Litchfield Park,11
Walla Walla,99362,"70 Rosie Ln, Walla Walla, WA 99362",WA,Walla Walla,12
Johnson,66212,"10002 Craig Dr, Overland Park, KS 66212",KS,Overland Park,13
Greenwood,29649,"104 Retreat Ct, Greenwood, SC 29649",SC,Greenwood,14
Maricopa,85296,"1364 S La Arboleta St, Gilbert, AZ 85296",AZ,Gilbert,15
Clark,89147,"4617 Ashington St, Las Vegas, NV 89147",NV,Las Vegas,16
Platte,64154,"8635 N Hull Ave, Kansas City, MO 64154",MO,Kansas City,17
Polk,50021,"2510 Ne Oak Dr, Unit 5, Ankeny, IA 50021",IA,Ankeny,18
Cumberland,17011,"1307 Strafford Rd, Camp Hill, PA 17011",PA,Camp Hill,19
Plymouth,2346,"3 Veronica Ln, Middleboro, MA 02346",MA,Middleboro,20
Los Angeles,91733,"2723 Nevada Ave Apt D, El Monte, CA 91733",CA,El Monte,21
Greenville,29673,"305 Kenmore Dr, Piedmont, SC 29673",SC,Piedmont,22
Santa Rosa,32563,"1720 Lighthouse Pointe Dr, Gulf Breeze, FL 32563",FL,Gulf Breeze,23
Saint Louis City,63112,"5876 Page Blvd, Saint Louis, MO 63112",MO,Saint Louis,24
Sarasota,34292,"206 Silver Lake Dr Waterside Vlg, Unit 102, Venice, FL 34292",FL,Venice,25
Lincoln,69101,"901 S Bryan Ave, Apt D409, North Platte, NE 69101",NE,North Platte,26
Collier,34113,"8200 Saratoga Dr, Apt 401, Naples, FL 34113",FL,Naples,27
Norfolk County,2026,"279 East St, Unit R, Dedham, MA 02026",MA,Dedham,28
Dupage,60181,"410 E Wildwood Ave, Villa Park, IL 60181",IL,Villa Park,29
El Dorado,96150,"1389 Bozeman Dr, South Lake Tahoe, CA 96150",CA,South Lake Tahoe,30
Placer,95602,"3765 Grass Valley Hwy, Spc 246, Auburn, CA 95602",CA,Auburn,31
Bucks,19020,"3806 Bensalem Blvd, Apt 167, Bensalem, PA 19020",PA,Bensalem,32
Allegheny,15108,"305 Indian Ridge Dr, Coraopolis, PA 15108",PA,Coraopolis,33
Suffolk,2135,"16 Fidelis Way, Apt 434, Brighton, MA 02135",MA,Brighton,34
Broward,33304,"1325 Ne 5th Ter, Apt 3, Fort Lauderdale, FL 33304",FL,Fort Lauderdale,35
Marquette,49855,"130 Kellogg St, Marquette, MI 49855",MI,Marquette,36
Macoupin,62088,"920 Reservoir Rd, Staunton, IL 62088",IL,Staunton,37
Mecklenburg,28262,"9525 Puddle Duck Rd, Apt 201, Charlotte, NC 28262",NC,Charlotte,38
Ouachita,71291,"106 Shalimar Dr, West Monroe, LA 71291",LA,West Monroe,39
Suffolk,11704,"1326 7th St, West Babylon, NY 11704",NY,West Babylon,40
Butler,45011,"6573 Fayetta Dr, Fairfield Township, OH 45011",OH,Fairfield Township,41
San Mateo,94015,"848 87th St, Daly City, CA 94015",CA,Daly City,42
Arapahoe,80112,"12810 Roosevelt Ln, Apt B1, Englewood, CO 80112",CO,Englewood,43
Ocean,8753,"1118 Bay Ave, Toms River, NJ 08753",NJ,Toms River,44
Dekalb,30338,"1242 Village Terrace Ct, Atlanta, GA 30338",GA,Atlanta,45
Mason,76856,"1188 Ranch Rd, 1871, Mason, TX 76856",TX,Mason,46
Washington,15033,"215 S Mellon Ave, Donora, PA 15033",PA,Donora,47
Kendall,60560,"1528 Cottonwood Trl, Yorkville, IL 60560",IL,Yorkville,48
Los Angeles,90731,"2424 S Gaffey St, Apt 313, San Pedro, CA 90731",CA,San Pedro,49
Black Hawk,50613,"2009 Clay St, Cedar Falls, IA 50613",IA,Cedar Falls,50
Hamilton,45212,"2710 Shanmoor Ave, Norwood, OH 45212",OH,Norwood,51
Galveston,77573,"600 Hobbs Rd, Apt 203, League City, TX 77573",TX,League City,52
Indiana,15717,"36 Hart Ave, Blairsville, PA 15717",PA,Blairsville,53
Collin,75071,"711 Glenwood Ct, Mckinney, TX 75071",TX,Mckinney,54
Prince Georges,20737,"6357B 64th Ave, Apt 3, Riverdale, MD 20737",MD,Riverdale,55
Napa,94503,"26 Serena Pl, American Canyon, CA 94503",CA,American Canyon,56
Marion,97302,"1192 Royvonne Ave SE, Salem, OR 97302",OR,Salem,57
Jefferson,40258,"5602 Mockernut Ln, Louisville, KY 40258",KY,Louisville,58
Lee,33966,"10361 White Palm Way, Fort Myers, FL 33966",FL,Fort Myers,59
Monmouth,7753,"634 Green Grove Rd, Neptune, NJ 07753",NJ,Neptune,60
Cook,60622,"1735 N Paulina St, Apt 606, Chicago, IL 60622",IL,Chicago,61
Maricopa,85282,"1965 E Hermosa Dr, Tempe, AZ 85282",AZ,Tempe,62
Jefferson,40299,"12711 Razor Branch Ct, Louisville, KY 40299",KY,Louisville,63
Lauderdale,39304,"PO Box 4016, Meridian, MS 39304",MS,Meridian,64
Lake,32726,"1005 Lakeview Dr, Eustis, FL 32726",FL,Eustis,65
Adams,80022,"6223 Kearney St, Commerce City, CO 80022",CO,Commerce City,66
Essex,7042,"29 Claremont Ave, Montclair, NJ 07042",NJ,Montclair,67
Harris,77087,"7143 Bellfort St, Houston, TX 77087",TX,Houston,68
Cobb,30106,"4550 Glory Dr, Austell, GA 30106",GA,Austell,69
Virginia Beach City,23462,"256 Ferdinand Cir, Virginia Beach, VA 23462",VA,Virginia Beach,70
Martin,33469,"17552 Se Conch Bar Ave, Jupiter, FL 33469",FL,Jupiter,71
Washington,84737,"1625 W Torrey Pines Rd, Hurricane, UT 84737",UT,Hurricane,72
Contra Costa,94547,"121 Diamond Ct, Hercules, CA 94547",CA,Hercules,73
Pasco,34653,"7850 Foxwood Dr, New Port Richey, FL 34653",FL,New Port Richey,74
Currituck,27973,"122 Algonquin Trl, Shawboro, NC 27973",NC,Shawboro,75
Santa Fe,87507,"7132 Mesa Del Oro, Santa Fe, NM 87507",NM,Santa Fe,76
Logan,25601,"979 Armory Rd, Logan, WV 25601",WV,Logan,77
Middlesex,2140,"76 Bolton St, Cambridge, MA 02140",MA,Cambridge,78
Queens,11433,"10739 165th St, Jamaica, NY 11433",NY,Jamaica,79
Rock Island,61265,"4507 22nd Ave, Moline, IL 61265",IL,Moline,80
San Bernardino,92376,"19404 Chaparral St, Rialto, CA 92376",CA,Rialto,81
Saline,67401,"1312 Mcadams Rd, Salina, KS 67401",KS,Salina,82
Fort Bend,77407,"13930 Carncross Ct, Richmond, TX 77407",TX,Richmond,83
Los Angeles,90232,"8770 Washington Blvd, Apt 206, Culver City, CA 90232",CA,Culver City,84
Fairfax,22153,"8683 Young Ct, Springfield, VA 22153",VA,Springfield,85
San Mateo,94015,"11 Dover Ct, Daly City, CA 94015",CA,Daly City,86
Washington,55082,"1801 2nd St N, Stillwater, MN 55082",MN,Stillwater,87
Los Angeles,90731,"1131 Statler St, San Pedro, CA 90731",CA,San Pedro,88
Eagle,81657,"4093 Spruce Way, Unit 34, Vail, CO 81657",CO,Vail,89
Bexar,78211,"422 Linden Ave, San Antonio, TX 78211",TX,San Antonio,90
Travis,78741,"2402 Braxton Cv, Austin, TX 78741",TX,Austin,91
Palm Beach,33434,"220 Preston F, Boca Raton, FL 33434",FL,Boca Raton,92
Cook,60611,"1150 N Lake Shore Dr, Apt 23E, Chicago, IL 60611",IL,Chicago,93
Gwinnett,30019,"3075 Laurel Song Way, Dacula, GA 30019",GA,Dacula,94
Pinellas,33712,"1621 25th Ave S, Saint Petersburg, FL 33712",FL,Saint Petersburg,95
Nassau,11735,"4 Van Cott Ave, Farmingdale, NY 11735",NY,Farmingdale,96
San Diego,92118,"1760 Avenida Del Mundo, Unit 506, Coronado, CA 92118",CA,Coronado,97
Los Angeles,91303,"21050 Vanowen St, Apt 431, Canoga Park, CA 91303",CA,Canoga Park,98
Shelby,35080,"77 Suggs Dr, Helena, AL 35080",AL,Helena,99
Cumberland,28314,"4448 Briton Cir, Fayetteville, NC 28314",NC,Fayetteville,100
Manatee,34203,"5430 Spanish Moss Cv, Bradenton, FL 34203",FL,Bradenton,101
East Baton Rouge,70817,"7489 Oakmount Dr, Baton Rouge, LA 70817",LA,Baton Rouge,102
Onslow,28539,"177 Howell Rd, Hubert, NC 28539",NC,Hubert,103
Cook,60452,"16000 Leclaire Ave, Oak Forest, IL 60452",IL,Oak Forest,104
Cowley,67156,"1313 Cherry St, Winfield, KS 67156",KS,Winfield,105
Duval,32226,"4345 Gate Ln, Jacksonville, FL 32226",FL,Jacksonville,106
East Baton Rouge,70791,"6424 Martin Dr, Zachary, LA 70791",LA,Zachary,107
Duval,32222,"10575 Otter Creek Dr, Jacksonville, FL 32222",FL,Jacksonville,108
Harris,77019,"919 Gillette St, Apt 3068, Houston, TX 77019",TX,Houston,109
Queens,11420,"11141 123rd St, South Ozone Park, NY 11420",NY,South Ozone Park,110
Cook,60656,"8000 W Summerdale Ave, Chicago, IL 60656",IL,Chicago,111
Smith,75703,"1525 E Grande Blvd, Tyler, TX 75703",TX,Tyler,112
Bexar,78201,"927 San Francisco, San Antonio, TX 78201",TX,San Antonio,113
Cache,84321,"752 N 200 E, Logan, UT 84321",UT,Logan,114
Spokane,99217,"5313 N Regal St, Apt 302, Spokane, WA 99217",WA,Spokane,115
Philadelphia,19103,"230 N 21st St, Unit 409, Philadelphia, PA 19103",PA,Philadelphia,116
Wake,27511,"215 Lakewater Dr, Cary, NC 27511",NC,Cary,117
Oklahoma,73114,"813 Ne 85th St, Oklahoma City, OK 73114",OK,Oklahoma City,118
Pulaski,72205,"3702 W 6th St, Little Rock, AR 72205",AR,Little Rock,119
Nassau,11791,"107 Ketchams Rd, Syosset, NY 11791",NY,Syosset,120
Erie,16510,"2118 Camphausen Ave, Erie, PA 16510",PA,Erie,121
Georgetown,29585,"278 Southgate Ct, Pawleys Island, SC 29585",SC,Pawleys Island,122
Butler,45044,"20 Moore St, Middletown, OH 45044",OH,Middletown,123
Orange,92804,"513 S Dale Ave, Anaheim, CA 92804",CA,Anaheim,124
Cook,60430,"3022 Fresno Ln, Homewood, IL 60430",IL,Homewood,125
Jones,28555,"101 Longview Dr, Apt 1C, Maysville, NC 28555",NC,Maysville,126
Sarasota,34293,"841 Gull Rd, Venice, FL 34293",FL,Venice,127
Spokane,99004,"320 Media Ln, Cheney, WA 99004",WA,Cheney,128
Bexar,78247,"14650 Nacogdoches Rd, Apt 104, San Antonio, TX 78247",TX,San Antonio,129
Kings,11208,"208 Autumn Ave, Brooklyn, NY 11208",NY,Brooklyn,130
Rockdale,30013,"2411 Scarlet Ln SE, Conyers, GA 30013",GA,Conyers,131
Maricopa,85255,"10679 E Raintree Dr, Scottsdale, AZ 85255",AZ,Scottsdale,132
Hennepin,55430,"1401 67th Ave N, Apt 103, Minneapolis, MN 55430",MN,Minneapolis,133
Queens,11412,"11612 198th St, Saint Albans, NY 11412",NY,Saint Albans,134
Marion,46217,"3425 Chase St, Indianapolis, IN 46217",IN,Indianapolis,135
Somerset,15905,"142 Anderson Ln, Johnstown, PA 15905",PA,Johnstown,136
Hamilton,45246,"544 Dimmick Ave, Cincinnati, OH 45246",OH,Cincinnati,137
Kent,49504,"1150 Sibley St NW, Grand Rapids, MI 49504",MI,Grand Rapids,138
Mecklenburg,28227,"9828 Tufts Dr, Mint Hill, NC 28227",NC,Mint Hill,139
San Mateo,94010,"1515 Floribunda Ave, Apt 307, Burlingame, CA 94010",CA,Burlingame,140
Yolo,95776,"876 Wallace Dr, Woodland, CA 95776",CA,Woodland,141
Tulsa,74037,"2572 W 111th Pl S, Jenks, OK 74037",OK,Jenks,142
Ottawa,43440,"PO Box 5, Lakeside Marblehead, OH 43440",OH,Lakeside Marblehead,143
Hartford,6106,"79 Madison St, Hartford, CT 06106",CT,Hartford,144
Kane,60124,"611 Waterfall Ln, Elgin, IL 60124",IL,Elgin,145
Merrimack,3303,"30 Borough Rd, Unit 109, Concord, NH 03303",NH,Concord,146
San Joaquin,95337,"218 W Wetmore St, Manteca, CA 95337",CA,Manteca,147
Collin,75023,"6401 Stilwell Rd, Plano, TX 75023",TX,Plano,148
Cook,60638,"5533 S Mulligan Ave, Chicago, IL 60638",IL,Chicago,149
Pennington,57703,"4869 Ave A, Rapid City, SD 57703",SD,Rapid City,150
Sacramento,95815,"2112 Yorkshire Rd, Sacramento, CA 95815",CA,Sacramento,151
Harris,77090,"210 Wells Fargo Dr, Apt 1303, Houston, TX 77090",TX,Houston,152
Sacramento,95834,"3414 Colchester Ave, Sacramento, CA 95834",CA,Sacramento,153
Vinton,45695,"PO Box 253, Wilkesville, OH 45695",OH,Wilkesville,154
Harris,77041,"10243 Tangiers Rd, Houston, TX 77041",TX,Houston,155
Tarrant,76112,"1700 Garnet Ln, Apt 2901, Fort Worth, TX 76112",TX,Fort Worth,156
Caddo,71107,"1157 Dunbriar Dr, Shreveport, LA 71107",LA,Shreveport,157
Loudoun,20165,"46590 Drysdale Ter, Unit 102, Sterling, VA 20165",VA,Sterling,158
Lenawee,49286,"9103 N Union St, Lot 28, Tecumseh, MI 49286",MI,Tecumseh,159
Madison,35806,"131 Canoebrook Ln, Huntsville, AL 35806",AL,Huntsville,160
Cobb,30008,"1328 Old Coach Rd SW, Marietta, GA 30008",GA,Marietta,161
Cook,60639,"2550 N Laramie Ave, Apt 3, Chicago, IL 60639",IL,Chicago,162
Dallas,75150,"4462 Greenland Dr, Mesquite, TX 75150",TX,Mesquite,163
Maricopa,85345,"7307 W Hatcher Rd, Peoria, AZ 85345",AZ,Peoria,164
Los Angeles,90278,"2313 Gates Ave, Redondo Beach, CA 90278",CA,Redondo Beach,165
Fairfield County,43130,"8642 Water St SW, Lancaster, OH 43130",OH,Lancaster,166
Nassau,11552,"704 Jennings Ave, West Hempstead, NY 11552",NY,West Hempstead,167
Shelby,38135,"4338 Dalton Downs Dr, Bartlett, TN 38135",TN,Bartlett,168
Alameda,94609,"624 51st St, Oakland, CA 94609",CA,Oakland,169
Mesa,81520,"3268 E Rd, Trlr 0, Clifton, CO 81520",CO,Clifton,170
Saint Louis,63129,"309 Buford Lndg, Saint Louis, MO 63129",MO,Saint Louis,171
Stafford,22554,"125 Northampton Blvd, Stafford, VA 22554",VA,Stafford,172
Hillsborough,33619,"3111 N 75th St, Tampa, FL 33619",FL,Tampa,173
King George,22485,"14208 Dahlgren Rd, King George, VA 22485",VA,King George,174
Miami-Dade,33132,"1750 N Bayshore Dr, Apt 2714, Miami, FL 33132",FL,Miami,175
Bexar,78215,"625 N Alamo St, San Antonio, TX 78215",TX,San Antonio,176
Hennepin,55311,"10064 Walnut Grove Ln N, Maple Grove, MN 55311",MN,Maple Grove,177
Wayne,48227,"15401 Grand River Ave, Detroit, MI 48227",MI,Detroit,178
Craven,28562,"161 Trent Shores Dr, Trent Woods, NC 28562",NC,Trent Woods,179
Sangamon,62629,"104 W Spruce St, Chatham, IL 62629",IL,Chatham,180
Pima,85614,"1714 W Commerce Point Pl, Green Valley, AZ 85614",AZ,Green Valley,181
New York,10030,"306 W 142nd St, Apt 6A, New York, NY 10030",NY,New York,182
Santa Barbara,93458,"933 Sombrero Way, Santa Maria, CA 93458",CA,Santa Maria,183
Dickinson,49870,"328 12th Ave, Norway, MI 49870",MI,Norway,184
Los Angeles,90814,"318 Saint Joseph Ave, Long Beach, CA 90814",CA,Long Beach,185
Polk,33850,"330 E Echo St, Lake Alfred, FL 33850",FL,Lake Alfred,186
Lake,44060,"5580 Walnut St, Mentor On The Lake, OH 44060",OH,Mentor On The Lake,187
Cuyahoga,44143,"601 Gloucester Dr, Cleveland, OH 44143",OH,Cleveland,188
Polk,33823,"358 Lake Vista Dr, Auburndale, FL 33823",FL,Auburndale,189
Tarrant,76006,"Lavon Creek 1b Ln, Unit Bedroom, Arlington, TX 76006",TX,Arlington,190
Saint Louis City,63116,"3700 Osceola St, Saint Louis, MO 63116",MO,Saint Louis,191
San Diego,92078,"1664 Reflection St, San Marcos, CA 92078",CA,San Marcos,192
Galax City,24333,"311 Fox Run Dr, Galax, VA 24333",VA,Galax,193
Oconee,30677,"1440 Melody Bnd, Unit 44, Watkinsville, GA 30677",GA,Watkinsville,194
El Paso,79938,"14981 Grizzly Bear Ln, El Paso, TX 79938",TX,El Paso,195
Scott,52804,"3921 W Lombard St, Davenport, IA 52804",IA,Davenport,196
Rutherford,37128,"1834 Turnstone Ct, Murfreesboro, TN 37128",TN,Murfreesboro,197
Hillsborough County,33602,"800 Harbour Post Dr, # 1221P2, Tampa, FL 33602",FL,Tampa,198
Cuyahoga,44109,"901 Marcie Dr, Cleveland, OH 44109",OH,Cleveland,199
Hidalgo,78574,"7209 Abram Blvd, Mission, TX 78574",TX,Mission,200
Spokane,99204,"904 W Lincoln Pl, Apt 4, Spokane, WA 99204",WA,Spokane,201
Hudson,7304,"201 Clinton Ave, Jersey City, NJ 07304",NJ,Jersey City,202
Hudson,7306,"31 Wallis Ave, Jersey City, NJ 07306",NJ,Jersey City,203
Berks,19610,"165 Valley Greene Cir, Reading, PA 19610",PA,Reading,204
Greenville,29680,"306 Waterbury Ct, Simpsonville, SC 29680",SC,Simpsonville,205
Seminole,32701,"617 E Hillcrest St, Altamonte Springs, FL 32701",FL,Altamonte Springs,206
Cameron,78552,"2000 S Expy, 83 Ste B9, Harlingen, TX 78552",TX,Harlingen,207
Lonoke,72023,"60 Willow Dr, Cabot, AR 72023",AR,Cabot,208
Westmoreland,15668,"4014 Dublane Ct, Murrysville, PA 15668",PA,Murrysville,209
Middlesex,8902,"895B Cranbury Cross Rd, North Brunswick, NJ 08902",NJ,North Brunswick,210
Arapahoe,80017,"1111 S Lewiston St, Aurora, CO 80017",CO,Aurora,211
Floyd,30161,"316 Bells Ferry Rd NE, Rome, GA 30161",GA,Rome,212
Bexar,78249,"12531 Hart Clf, San Antonio, TX 78249",TX,San Antonio,213
Barrow,30680,"500 Terrapin Ln, Winder, GA 30680",GA,Winder,214
Denton,75022,"3118 Woodhollow Dr, Flower Mound, TX 75022",TX,Flower Mound,215
Saint Louis,63138,"2012 Willowcrest Ln, Saint Louis, MO 63138",MO,Saint Louis,216
Oakland,48075,"24333 Southfield Rd, Ste 109, Southfield, MI 48075",MI,Southfield,217
Cook,60657,"800 W Cornelia Ave, Apt 401, Chicago, IL 60657",IL,Chicago,218
Hillsborough,33584,"106 N Taylor Rd, Seffner, FL 33584",FL,Seffner,219
Cook,60620,"8842 S Aberdeen St, Chicago, IL 60620",IL,Chicago,220
Duval,32257,"11177 Wandering Oaks Dr, Jacksonville, FL 32257",FL,Jacksonville,221
Montgomery,19405,"523 Grove St, Bridgeport, PA 19405",PA,Bridgeport,222
Benton,97333,"1111-1133 Sw Western Blvd And 720 Sw 11th St, Corvallis, OR 97333",OR,Corvallis,223
Baltimore,21212,"130 Regester Ave, Baltimore, MD 21212",MD,Baltimore,224
Los Angeles,91776,"314 W Bencamp St, San Gabriel, CA 91776",CA,San Gabriel,225
Spotsylvania,22553,"11700 Brock Rd, Spotsylvania, VA 22553",VA,Spotsylvania,226
Suffolk,11790,"4 Hargrove Dr, Stony Brook, NY 11790",NY,Stony Brook,227
Tarrant,75051,"2705 Hospital Blvd, Ste 107, Grand Prairie, TX 75051",TX,Grand Prairie,228
Orange,32712,"454 Spreading Oak Cir, Apopka, FL 32712",FL,Apopka,229
Rutherford,37129,"1211 Greenhill St, Murfreesboro, TN 37129",TN,Murfreesboro,230
Jefferson County,40216,"3103 Teakwood Cir, Louisville, KY 40216",KY,Louisville,231
Washington,97229,"15706 Nw Clubhouse Dr, Portland, OR 97229",OR,Portland,232
Oklahoma,73107,"3208 Nw 26th St, Oklahoma City, OK 73107",OK,Oklahoma City,233
Livingston,14572,"8045 Tabors Corner Rd, Springwater, NY 14572",NY,Springwater,234
Kane,60510,"2820 W Wilson St, Batavia, IL 60510",IL,Batavia,235
Los Angeles,91331,"13454 Desmond St, Pacoima, CA 91331",CA,Pacoima,236
Hays,78610,"639 Dark Horse Ln, Buda, TX 78610",TX,Buda,237
Manatee,34219,"8453 Starlight Loop, Parrish, FL 34219",FL,Parrish,238
Bucks,19053,"428 Whittier Dr, Feasterville Trevose, PA 19053",PA,Feasterville Trevose,239
Solano,94591,"8895 Blue River Dr, Vallejo, CA 94591",CA,Vallejo,240
Lucas,43606,"1622 Milburn Ave Unit A, Toledo, OH 43606",OH,Toledo,241
Mecklenburg,28211,"4036 Bannockburn Pl, Apt A, Charlotte, NC 28211",NC,Charlotte,242
Hamilton,46033,"3090 Maqua Ct, Carmel, IN 46033",IN,Carmel,243
Paulding,30132,"2030 Bobo Rd, Dallas, GA 30132",GA,Dallas,244
Clark,89130,"5200 Sun Gem Ct, Las Vegas, NV 89130",NV,Las Vegas,245
Contra Costa,94520,"3205 Northwood Dr, Apt 353, Concord, CA 94520",CA,Concord,246
Wise,76426,"636 Half Moon Way, Runaway Bay, TX 76426",TX,Runaway Bay,247
Camden,31558,"30 Henry Ave, Saint Marys, GA 31558",GA,Saint Marys,248
Columbiana,44460,"820 E 4th St, Salem, OH 44460",OH,Salem,249
Hennepin,55417,"5429 32nd Ave SW, Minneapolis, MN 55417",MN,Minneapolis,250
Mecklenburg,28269,"10119 Elsenham Ln, Charlotte, NC 28269",NC,Charlotte,251
Virginia Beach City,23453,"3539 Brigita Ct, Virginia Beach, VA 23453",VA,Virginia Beach,252
Denver,80222,"5395 E Bails Dr, Denver, CO 80222",CO,Denver,253
Cook,60657,"856 W Fletcher St, Apt 3, Chicago, IL 60657",IL,Chicago,254
Durham,27713,"610 Lyon Tree Ln, Durham, NC 27713",NC,Durham,255
King,98136,"5656 California Ave SW, Apt 210, Seattle, WA 98136",WA,Seattle,256
Sedgwick,67217,"4652 S Glenn Ave, Wichita, KS 67217",KS,Wichita,257
Lancaster,68505,"1025 N 63rd St, Apt C70, Lincoln, NE 68505",NE,Lincoln,258
San Bernardino,91784,"1665 Garland Ct, Upland, CA 91784",CA,Upland,259
Saint Clair,62258,"506 N Independence St, Mascoutah, IL 62258",IL,Mascoutah,260
Durham,27704,"2506 N Duke St, Durham, NC 27704",NC,Durham,261
Riverside,92587,"29831 Mayflower Dr, Canyon Lake, CA 92587",CA,Canyon Lake,262
Wayne,48235,"16838 Mansfield St, Detroit, MI 48235",MI,Detroit,263
Erie,16511,"1857 E Lake Rd, Erie, PA 16511",PA,Erie,264
Baltimore,21221,"1429 Galena Rd, Essex, MD 21221",MD,Essex,265
Adams,80022,"10440 Quintero St, Commerce City, CO 80022",CO,Commerce City,266
Lake,46307,"1930 Silver Creek Ct, Crown Point, IN 46307",IN,Crown Point,267
Cameron,78566,"112 Villa Del Sur, Los Fresnos, TX 78566",TX,Los Fresnos,268
Lancaster,17520,"2577 Camas Ln, East Petersburg, PA 17520",PA,East Petersburg,269
Queens,11412,"11817 Farmers Blvd, Saint Albans, NY 11412",NY,Saint Albans,270
Whatcom,98225,"2801 Elm St, Bellingham, WA 98225",WA,Bellingham,271
Worcester,1609,"3601 Knightsbridge Close, Unit 3601, Worcester, MA 01609",MA,Worcester,272
Clear Creek,80436,"Arastra Way, Lot 7, Dumont, CO 80436",CO,Dumont,273
Elkhart,46526,"1135 Abby Ct, Goshen, IN 46526",IN,Goshen,274
Harris,77045,"5135 Heathercrest St, Houston, TX 77045",TX,Houston,275
Harris,77014,"3354 Allington Ct, Houston, TX 77014",TX,Houston,276
Wayne,44676,"648 N Market St, Shreve, OH 44676",OH,Shreve,277
Onondaga,13208,"121 Pond St, Apt 2, Syracuse, NY 13208",NY,Syracuse,278
San Mateo,94010,"756 Acacia Dr, Burlingame, CA 94010",CA,Burlingame,279
Tarrant,76110,"4020 Frazier Ave, Fort Worth, TX 76110",TX,Fort Worth,280
Georgetown,29585,"223 True Blue Dr, Pawleys Island, SC 29585",SC,Pawleys Island,281
Orange,32828,"1012 Fountain Coin Loop, Orlando, FL 32828",FL,Orlando,282
Anoka,55303,"15324 Sunfish Lake Blvd NW, Ramsey, MN 55303",MN,Ramsey,283
Santa Rosa,32566,"1819 Sound Haven Ct, Navarre, FL 32566",FL,Navarre,284
Salt Lake,84088,"4406 W Courtney Ct, West Jordan, UT 84088",UT,West Jordan,285
Litchfield,6098,"19 Lewis St, Winsted, CT 06098",CT,Winsted,286
Queens,11435,"13921 85th Dr, Apt 4C, Jamaica, NY 11435",NY,Jamaica,287
Fulton,30312,"400 R Mcgill Blvd NE, Unit 6P, Atlanta, GA 30312",GA,Atlanta,288
Marion,34482,"4313 Nw 55th Ct, Ocala, FL 34482",FL,Ocala,289
Dallas,75181,"2705 Windswept Ln, Mesquite, TX 75181",TX,Mesquite,290
San Diego,92176,"PO Box 16296, San Diego, CA 92176",CA,San Diego,291
Warren,39183,"1106 Washington St, # B, Vicksburg, MS 39183",MS,Vicksburg,292
Orange,92691,"26865 Sapphire, Mission Viejo, CA 92691",CA,Mission Viejo,293
Brevard,32920,"351 Taylor Ave, Apt E1, Cape Canaveral, FL 32920",FL,Cape Canaveral,294
Greenville,29681,"419 Jones Peak Dr, Simpsonville, SC 29681",SC,Simpsonville,295
Maury,38401,"907 Bedford Pl, Columbia, TN 38401",TN,Columbia,296
Alameda,94605,"11305 Elvessa St, Oakland, CA 94605",CA,Oakland,297
East Baton Rouge,70810,"8836 Pecan Tree Dr, Baton Rouge, LA 70810",LA,Baton Rouge,298
Taney,65616,"150 Horizon Dr, Branson, MO 65616",MO,Branson,299
Wayne,48183,"1813 Edsel St, Trenton, MI 48183",MI,Trenton,300
Contra Costa,94509,"2200 L St, Apt 1, Antioch, CA 94509",CA,Antioch,301
Los Angeles,90806,"2108 Orange Ave, Long Beach, CA 90806",CA,Long Beach,302
Collin,75072,"2404 Aberdeen Ave, Mckinney, TX 75072",TX,Mckinney,303
Garland,71913,"214 Burroughs St, Hot Springs National Park, AR 71913",AR,Hot Springs National Park,304
Dallas,75227,"4809 4811 Berridge Ln, Dallas, TX 75227",TX,Dallas,305
Los Angeles,90047,"8412 S Western Ave, Apt 3, Los Angeles, CA 90047",CA,Los Angeles,306
Volusia,32117,"1511 Carmen Ave, Daytona Beach, FL 32117",FL,Daytona Beach,307
El Dorado,95762,"2275 Summer Dr, El Dorado Hills, CA 95762",CA,El Dorado Hills,308
Kings,11220,"202 62nd St, Brooklyn, NY 11220",NY,Brooklyn,309
Suffolk,2135,"126 Warren St, Apt 24, Boston, MA 02135",MA,Boston,310
Los Angeles,91387,"29660 Mammoth Ln, Canyon Country, CA 91387",CA,Canyon Country,311
Los Angeles,90814,"330 Gladys Ave, Long Beach, CA 90814",CA,Long Beach,312
Harris,77019,"1020 Crocker St, Apt B, Houston, TX 77019",TX,Houston,313
Prince William,22192,"13106 Quate Ln, Woodbridge, VA 22192",VA,Woodbridge,314
San Mateo,94080,"426 Miller Ave, South San Francisco, CA 94080",CA,South San Francisco,315
Queens,11434,"11839 152nd St, Jamaica, NY 11434",NY,Jamaica,316
Cook,60193,"617 Limerick Ln, Apt 3A, Schaumburg, IL 60193",IL,Schaumburg,317
Sacramento,95842,"4513 Greenholme Dr, Apt 2, Sacramento, CA 95842",CA,Sacramento,318
Pinellas,34685,"1320 Palmer Ln, Palm Harbor, FL 34685",FL,Palm Harbor,319
Randall,79110,"4703 S Austin St, Amarillo, TX 79110",TX,Amarillo,320
Tom Green,76903,"300 W 16th St, San Angelo, TX 76903",TX,San Angelo,321
Orleans,70122,"3639 Clermont Dr, New Orleans, LA 70122",LA,New Orleans,322
El Paso,79938,"13029 Alfredo Apodaca Dr, El Paso, TX 79938",TX,El Paso,323
Bucks,18951,"1504 Concord Ct, Quakertown, PA 18951",PA,Quakertown,324
San Diego,91945,"8209 Blossom Hill Ct, Lemon Grove, CA 91945",CA,Lemon Grove,325
Cook,60656,"5201 N Oakview St, Apt 3W, Chicago, IL 60656",IL,Chicago,326
Hillsborough,33547,"10436 George Smith Rd, Lithia, FL 33547",FL,Lithia,327
Wasatch,84049,"1041 W Grindelwald Ct, Apt 2, Midway, UT 84049",UT,Midway,328
Clay,32043,"2703 Cross Creek Dr, Green Cove Springs, FL 32043",FL,Green Cove Springs,329
Tarrant,76127,"1715 Doolittle Ave, Naval Air Station Jrb, TX 76127",TX,Naval Air Station Jrb,330
Larimer,80538,"1515 W 28th St, Apt 201, Loveland, CO 80538",CO,Loveland,331
Oakland,48220,"925 Laprairie St, Apt 211, Ferndale, MI 48220",MI,Ferndale,332
King,98122,"1630 27th Ave, Seattle, WA 98122",WA,Seattle,333
Roanoke,24018,"3577 Overbrook Dr, Roanoke, VA 24018",VA,Roanoke,334
Desoto,38671,"1876 Winners Cir S, Southaven, MS 38671",MS,Southaven,335
Genesee,48420,"6379 W Wilson Rd, Clio, MI 48420",MI,Clio,336
Madison,35802,"5019 Somerby Dr SE, Huntsville, AL 35802",AL,Huntsville,337
Cape Girardeau,63701,"1524 Revlon Dr, Cape Girardeau, MO 63701",MO,Cape Girardeau,338
Cobb,30068,"1936 Fields Pond Dr, Marietta, GA 30068",GA,Marietta,339
Onondaga,13219,"124 Windemere Rd, Syracuse, NY 13219",NY,Syracuse,340
Mercer,8691,"525 Walden Cir, Trenton, NJ 08691",NJ,Trenton,341
New Haven,6512,"364 Main St, Unit 5, East Haven, CT 06512",CT,East Haven,342
Desoto,38632,"3366 Glen Gyle Cv E, Hernando, MS 38632",MS,Hernando,343
Camden,31558,"504 Somerset Rd, Saint Marys, GA 31558",GA,Saint Marys,344
Chester,19465,"72 Christman Ct, Pottstown, PA 19465",PA,Pottstown,345
Lake,46307,"942 Cypress Point Dr, Apt D113, Crown Point, IN 46307",IN,Crown Point,346
Wake,27502,"814 Winter Hill Dr, Apex, NC 27502",NC,Apex,347
Strafford,3878,"50 W High St, Somersworth, NH 03878",NH,Somersworth,348
Fannin,75418,"1100 Park Ave, Bonham, TX 75418",TX,Bonham,349
Wayne,48217,"1932 S Electric St, Detroit, MI 48217",MI,Detroit,350
Collin,75023,"2000 Cumberland Trl, Plano, TX 75023",TX,Plano,351
Collin,75069,"250 Convention Dr, Apt 713, Fairview, TX 75069",TX,Fairview,352
Lancaster,68502,"1400 S 11th St, Lincoln, NE 68502",NE,Lincoln,353
San Joaquin,95240,"1363 Midvale Rd, Lodi, CA 95240",CA,Lodi,354
Palm Beach,33496,"9529 Tavernier Dr, Boca Raton, FL 33496",FL,Boca Raton,355
Wyandotte,66109,"3242 N 80th Ter, Kansas City, KS 66109",KS,Kansas City,356
Seminole,32765,"1772 Carillon Park Dr, Oviedo, FL 32765",FL,Oviedo,357
Lee,33914,"241 Sw 34th St, Cape Coral, FL 33914",FL,Cape Coral,358
Washington,37615,"632 Oak Grove Rd, Johnson City, TN 37615",TN,Johnson City,359
Denver,80206,"1011 Colorado Blvd, Apt 1202, Denver, CO 80206",CO,Denver,360
Jefferson,80127,"7608 S Waverly Mtn, Littleton, CO 80127",CO,Littleton,361
King,98042,"23924 139th Pl SE, Kent, WA 98042",WA,Kent,362
San Bernardino,92277,"6430 Timothy Ave, Twentynine Palms, CA 92277",CA,Twentynine Palms,363
Cheatham,37015,"2408 River Rd, Ashland City, TN 37015",TN,Ashland City,364
DuPage,60106,"415 S Walnut St, Bensenville, IL 60106",IL,Bensenville,365
Jefferson,35127,"125 Annie Ln, Pleasant Grove, AL 35127",AL,Pleasant Grove,366
Shelby,38002,"4935 Bending Creek Cv, Arlington, TN 38002",TN,Arlington,367
New Hanover,28409,"2505 Royal Palm Ln, Wilmington, NC 28409",NC,Wilmington,368
Clark,45505,"200 S Fostoria Ave, Springfield, OH 45505",OH,Springfield,369
Fresno,93711,"5455 N Marty Ave, Apt 177, Fresno, CA 93711",CA,Fresno,370
Orange,32712,"138 W Virgil St, Apopka, FL 32712",FL,Apopka,371
Orange,92692,"28465 Alava, Mission Viejo, CA 92692",CA,Mission Viejo,372
Baltimore City,21213,"4505 Green Rose Ln, Baltimore, MD 21213",MD,Baltimore,373
Henry,30253,"405 Avocet Sea Ln, Mcdonough, GA 30253",GA,Mcdonough,374
Catawba,28658,"3729 Huie St, Newton, NC 28658",NC,Newton,375
Monmouth,7726,"333 Saint Andrews Pl, Manalapan, NJ 07726",NJ,Manalapan,376
McDowell,28752,"Deer Crossing Dr, Lot 3, Marion, NC 28752",NC,Marion,377
Volusia,32114,"1200 Beville Rd, Apt 156, Daytona Beach, FL 32114",FL,Daytona Beach,378
Prince Georges,20715,"12731 Midwood Ln, Bowie, MD 20715",MD,Bowie,379
Cook,60629,"6204 S Kolin Ave, Apt 2, Chicago, IL 60629",IL,Chicago,380
Dallas,75216,"4650 Haas Dr, Dallas, TX 75216",TX,Dallas,381
Norfolk,2072,"1975 Washington St, Stoughton, MA 02072",MA,Stoughton,382
Los Angeles,90018,"1810 W 37th Pl, Los Angeles, CA 90018",CA,Los Angeles,383
El Paso County,79849,"304 Hacienda Escondida, San Elizario, TX 79849",TX,San Elizario,384
Lake,32726,"30 Opal Ln, Eustis, FL 32726",FL,Eustis,385
Philadelphia,19134,"3453 Joyce St, Philadelphia, PA 19134",PA,Philadelphia,386
Clayton,30236,"2006 Amber Leaf Ct, Jonesboro, GA 30236",GA,Jonesboro,387
Saline,72022,"4503 Cyclone St, Bryant, AR 72022",AR,Bryant,388
Denver,80220,"1355 Valentia St, Denver, CO 80220",CO,Denver,389
Franklin,12953,"33 Third St, Malone, NY 12953",NY,Malone,390
Caswell,27305,"3493 Nc Hwy, 57 N, Milton, NC 27305",NC,Milton,391
Brazoria,77511,"7228 County Rd, 98, Alvin, TX 77511",TX,Alvin,392
Fulton,30342,"5385 Ptree Dun Rd, Apt 1136, Atlanta, GA 30342",GA,Atlanta,393
Douglas,30122,"945 Crestmark Blvd, Apt 316, Lithia Springs, GA 30122",GA,Lithia Springs,394
McLennan,76707,"PO Box 3599, Waco, TX 76707",TX,Waco,395
Howard,21076,"7615 Hamilton Xing, Hanover, MD 21076",MD,Hanover,396
Dupage,60439,"308 Lockport St, Lemont, IL 60439",IL,Lemont,397
Ramsey,55106,"1667 Atlantic St, Saint Paul, MN 55106",MN,Saint Paul,398
Baltimore City,21223,"561 S Longwood St, Baltimore, MD 21223",MD,Baltimore,399
Comal,78133,"1216 Hedgestone, Canyon Lake, TX 78133",TX,Canyon Lake,400
Bexar,78148,"9135 Sahara Woods, Universal City, TX 78148",TX,Universal City,401
Klamath,97624,"34423 Castle Dr, Chiloquin, OR 97624",OR,Chiloquin,402
Cook,60654,"637 N Wells St, Apt 1914, Chicago, IL 60654",IL,Chicago,403
Franklin,43232,"2975 Stonebluff Dr, Columbus, OH 43232",OH,Columbus,404
Alameda,94611,"PO Box 11199, Oakland, CA 94611",CA,Oakland,405
Rowan,28088,"410 N Zion St, Landis, NC 28088",NC,Landis,406
Bergen,7662,"PO Box 7308, Rochelle Park, NJ 07662",NJ,Rochelle Park,407
Norfolk City,23513,"4925 Cape Henry Ave, Norfolk, VA 23513",VA,Norfolk,408
Hamilton,46062,"20757 Bearsdale Way, Noblesville, IN 46062",IN,Noblesville,409
Ocean,8753,"3115 Glasgow Ave, Toms River, NJ 08753",NJ,Toms River,410
Providence,2909,"236 Sterling Ave, Providence, RI 02909",RI,Providence,411
Harris,77433,"18223 Prairie Bend Ct, Cypress, TX 77433",TX,Cypress,412
Collin,75070,"8609 Pilar Way, Mckinney, TX 75070",TX,Mckinney,413
Erie,14226,"1633 Eggert Rd, Buffalo, NY 14226",NY,Buffalo,414
Lexington,29169,"1824 Augusta Rd, West Columbia, SC 29169",SC,West Columbia,415
Kent,49506,"1409 Wilcox Park Dr SE, Grand Rapids, MI 49506",MI,Grand Rapids,416
Suffolk,11731,"PO Box 2525, East Northport, NY 11731",NY,East Northport,417
Ingham,48906,"419 W Madison St, Lansing, MI 48906",MI,Lansing,418
Baltimore City,21214,"3504 Woodlea Ave, Baltimore, MD 21214",MD,Baltimore,419
Yakima,98930,"1103 Carriage Square Dr, Grandview, WA 98930",WA,Grandview,420
Yamhill,97132,"2006 N Nugget Ln, Newberg, OR 97132",OR,Newberg,421
Milwaukee,53208,"4517 W Martin Dr, Milwaukee, WI 53208",WI,Milwaukee,422
Onslow,28540,"48 Kerr St, Jacksonville, NC 28540",NC,Jacksonville,423
Baltimore,21219,"9110 Chesapeake Ave, Sparrows Point, MD 21219",MD,Sparrows Point,424
Randolph,62237,"303 S 5th St, Coulterville, IL 62237",IL,Coulterville,425
Miami-Dade,33139,"840 Lenox Ave, Apt 1, Miami Beach, FL 33139",FL,Miami Beach,426
Coffee,37355,"438 S Ramsey St, Manchester, TN 37355",TN,Manchester,427
Lancaster,17601,"1909 Oregon Pike, Apt E5, Lancaster, PA 17601",PA,Lancaster,428
Erie,14211,"26 Bissell Ave, Buffalo, NY 14211",NY,Buffalo,429
Palm Beach,33477,"801 Seafarer Cir, Apt 106, Jupiter, FL 33477",FL,Jupiter,430
Wayne,48206,"2221 Monterey St, Detroit, MI 48206",MI,Detroit,431
Horry,29579,"146 Avenue, of the Palms, Myrtle Beach, SC 29579",SC,Myrtle Beach,432
Lake,46307,"405 Martin Dr, Crown Point, IN 46307",IN,Crown Point,433
Gibson,47670,"827 E State St, Trlr B, Princeton, IN 47670",IN,Princeton,434
Orange,92780,"119 S Colombo Ln, Tustin, CA 92780",CA,Tustin,435
Benton,99352,"1805 Longfitt St, Richland, WA 99352",WA,Richland,436
Snohomish,98036,"19225 Damson Rd, Unit G4, Lynnwood, WA 98036",WA,Lynnwood,437
Mecklenburg,28273,"11448 Savannah Creek Dr, Charlotte, NC 28273",NC,Charlotte,438
Hartford,6111,"48 Birchlawn Ter, Newington, CT 06111",CT,Newington,439
Oklahoma,73132,"8547 Candlewood Dr, Apt 425, Oklahoma City, OK 73132",OK,Oklahoma City,440
Stafford,22405,"702 Culpeper St, Fredericksburg, VA 22405",VA,Fredericksburg,441
Miami-Dade,33160,"19370 Collins Ave, Apt 302, Sunny Isles Beach, FL 33160",FL,Sunny Isles Beach,442
Johnson,66212,"8358 Metcalf Ave, Overland Park, KS 66212",KS,Overland Park,443
Maricopa,85234,"250 N Corrine Ct, Gilbert, AZ 85234",AZ,Gilbert,444
Wake,27529,"White Oak Garden Way, Unit 193, Garner, NC 27529",NC,Garner,445
Paulding,30141,"201 Deerfield Dr, Hiram, GA 30141",GA,Hiram,446
Crawford,72921,"1315 Twin Lakes Dr, Alma, AR 72921",AR,Alma,447
Contra Costa,94531,"2458 Silveria Way, Antioch, CA 94531",CA,Antioch,448
Larimer,80521,"2735 Spoke Ct, Fort Collins, CO 80521",CO,Fort Collins,449
San Bernardino,92277,"72258 Joshua Dr, Spc 18, Twentynine Palms, CA 92277",CA,Twentynine Palms,450
Collier,34103,"3000 Gulf Shore Blvd N, Apt 302, Naples, FL 34103",FL,Naples,451
Seminole,32771,"4986 Maple Glen Pl, Sanford, FL 32771",FL,Sanford,452
Los Angeles,90015,"1011 S Los Angeles St, Ste 210, Los Angeles, CA 90015",CA,Los Angeles,453
Collier,34112,"2605 Holly Ave, Naples, FL 34112",FL,Naples,454
Caddo,71107,"1129 Mcdaniel Dr, Shreveport, LA 71107",LA,Shreveport,455
Miami-Dade,33160,"250 174th St, Apt 2111, Sunny Isles Beach, FL 33160",FL,Sunny Isles Beach,456
Pulaski,72118,"15205 Smalling Rd, North Little Rock, AR 72118",AR,North Little Rock,457
Cook County,60660,"6021 N Winthrop Ave, Unit 802, Chicago, IL 60660",IL,Chicago,458
Dupage,60563,"810 Leona Mae Ct, Naperville, IL 60563",IL,Naperville,459
Maricopa,85142,"23161 E Excelsior Ave, Queen Creek, AZ 85142",AZ,Queen Creek,460
Clark,47130,"703 Acorn Ln, Jeffersonville, IN 47130",IN,Jeffersonville,461
Rowan County,28144,"102 Mitchell St, Salisbury, NC 28144",NC,Salisbury,462
Montgomery,45322,"1023 Merrywood Dr, Englewood, OH 45322",OH,Englewood,463
Clayton,30297,"786 South Ave, Forest Park, GA 30297",GA,Forest Park,464
Cook,60657,"2954 N Racine Ave, Apt 3R, Chicago, IL 60657",IL,Chicago,465
Franklin,43068,"3132 Carlin Ct, Reynoldsburg, OH 43068",OH,Reynoldsburg,466
Hamilton,45223,"4234 Florida Ave, # 1, Cincinnati, OH 45223",OH,Cincinnati,467
Philadelphia,19142,"2520 S 61st St, Philadelphia, PA 19142",PA,Philadelphia,468
Queens,11377,"6312 39th Ave, Ste 1, Woodside, NY 11377",NY,Woodside,469
Wise,24279,"9922 Hollyfield Rd, Pound, VA 24279",VA,Pound,470
Brevard,32901,"2260 Front St, Apt 406, Melbourne, FL 32901",FL,Melbourne,471
Hennepin,55311,"7570 Dallas Ln N, Maple Grove, MN 55311",MN,Maple Grove,472
Middlesex,2148,"500 Broadway, Apt 3113, Malden, MA 02148",MA,Malden,473
Los Angeles,90803,"3637 E Ocean Blvd, Apt 1, Long Beach, CA 90803",CA,Long Beach,474
Cook County,60605,"51 E 14th St, Unit 1-908, Chicago, IL 60605",IL,Chicago,475
Monmouth,8514,"22 Mayflower Dr, Cream Ridge, NJ 08514",NJ,Cream Ridge,476
San Francisco,94102,"776 Hayes St, San Francisco, CA 94102",CA,San Francisco,477
Richland,44843,"1712 Lucas North Rd, Lucas, OH 44843",OH,Lucas,478
Dubuque,52073,"21385 Horseshoe Rd, Sherrill, IA 52073",IA,Sherrill,479
Harris,77053,"4631 Pinebrook Ln, Houston, TX 77053",TX,Houston,480
San Mateo,94014,"21 Honeysuckle Ct, Daly City, CA 94014",CA,Daly City,481
Denton,76208,"3405 Camino Real Trl, Denton, TX 76208",TX,Denton,482
Pinellas,33709,"7727 40th Ter N, Saint Petersburg, FL 33709",FL,Saint Petersburg,483
Los Angeles,90045,"7715 Airport Blvd, Los Angeles, CA 90045",CA,Los Angeles,484
Los Angeles,91780,"PO Box 2145, Temple City, CA 91780",CA,Temple City,485
Honolulu,96822,"1516 Ward Ave, Apt 801, Honolulu, HI 96822",HI,Honolulu,486
Bucks,18974,"26 Yeates St, Warminster, PA 18974",PA,Warminster,487
Tarrant,76014,"1506 Winderemere Dr, Arlington, TX 76014",TX,Arlington,488
Ramsey,55105,"227 Wheeler St S, Saint Paul, MN 55105",MN,Saint Paul,489
Cumberland,38558,"32 Cheshire Ter, Fairfield Glade, TN 38558",TN,Fairfield Glade,490
Cuyahoga,44122,"23446 Letchworth Rd, Beachwood, OH 44122",OH,Beachwood,491
Addison,5491,"35 East St, Vergennes, VT 05491",VT,Vergennes,492
Dallas,75019,"277 Willingham Dr, Coppell, TX 75019",TX,Coppell,493
Comal,78133,"113 Watts Ln, Unit 14, Canyon Lake, TX 78133",TX,Canyon Lake,494
Duval,32244,"8168 Honeysuckle Ln, Jacksonville, FL 32244",FL,Jacksonville,495
Lycoming,17737,"Dark Hollow Rd, Hughesville, PA 17737",PA,Hughesville,496
New York County,10036,"605 W 42nd St, Ph 1H, Manhattan, NY 10036",NY,Manhattan,497
Travis,78724,"7502 Rio Pass, Austin, TX 78724",TX,Austin,498
Douglas,98802,"812 N Baker Ave, East Wenatchee, WA 98802",WA,East Wenatchee,499
Kings,11207,"366 Pennsylvania Ave, Apt 3A, Brooklyn, NY 11207",NY,Brooklyn,500
