addressLine2,county,zipCode,formattedAddress,state,city,location_id
Unit 4413,Maricopa,85251,"6850 E Main St, Unit 4413, Scottsdale, AZ 85251",AZ,Scottsdale,1
Unknown,Travis,78722,"1804 E 22nd St, Austin, TX 78722",TX,Austin,2
Unknown,Washoe,89506,"8550 Red Baron Blvd, Reno, NV 89506",NV,Reno,3
Unknown,Salt Lake,84096,"4353 W Bronson Ln, Herriman, UT 84096",UT,Herriman,4
Unknown,Olmsted,55901,"2580 Heartland Dr NW, Rochester, MN 55901",MN,Rochester,5
Unknown,Travis,78745,"5037 Fort Clark Dr, Austin, TX 78745",TX,Austin,6
Unknown,San Bernardino,92404,"2386 Cedar St, San Bernardino, CA 92404",CA,San Bernardino,7
Unit 1101,Escambia,32514,"416 Robin Rd, Unit 1101, Pensacola, FL 32514",FL,Pensacola,8
Apt 105,Pinellas,33772,"8355 Seminole Blvd, Apt 105, Seminole, FL 33772",FL,Seminole,9
Apt 10,Baltimore City,21201,"808 W Lexington St, Apt 10, Baltimore, MD 21201",MD,Baltimore,10
Unknown,Adams,80260,"744 Planet Pl, Thornton, CO 80260",CO,Thornton,11
Unknown,Pierce,98408,"6113 Fawcett Ave, Tacoma, WA 98408",WA,Tacoma,12
Unit A,Orange,92704,"2911 S Fairview St, Unit A, Santa Ana, CA 92704",CA,Santa Ana,13
Apt 30,Los Angeles,90027,"3650 Los Feliz Blvd, Apt 30, Los Angeles, CA 90027",CA,Los Angeles,14
Unknown,Collin,75098,"603 Gateway Bnd, Wylie, TX 75098",TX,Wylie,15
Apt 19F,Orange,10941,"644 Silver Lake Scotchtown Rd, Apt 19F, Middletown, NY 10941",NY,Middletown,16
Unit 2,Bergen,7026,"431 Harrison Ave, Unit 2, Garfield, NJ 07026",NJ,Garfield,17
Unknown,Marion,46225,"2237 Union St, Indianapolis, IN 46225",IN,Indianapolis,18
Unknown,Baltimore,21218,"2505 Barclay St, Baltimore, MD 21218",MD,Baltimore,19
Unit 7B,New York County,10010,"250 E 21st St, Unit 7B, New York, NY 10010",NY,New York,20
Unknown,Shelby,38122,"3767 Philwood Ave, Memphis, TN 38122",TN,Memphis,21
Unknown,Hernando,34604,"17509 Garsalaso Cir, Brooksville, FL 34604",FL,Brooksville,22
Unknown,Wayne,48223,"15810 Blackstone St, Detroit, MI 48223",MI,Detroit,23
Unknown,Kenosha,53143,"601 71st St, Kenosha, WI 53143",WI,Kenosha,24
Unknown,East Baton Rouge,70791,"3091 Meadow Grove Ave, Zachary, LA 70791",LA,Zachary,25
Apt 706,Travis,78748,"811 W Slaughter Ln, Apt 706, Austin, TX 78748",TX,Austin,26
Unit F,Adams,80031,"3040 W 107th Pl, Unit F, Westminster, CO 80031",CO,Westminster,27
Unknown,Franklin,43207,"727 Stambaugh Ave, Columbus, OH 43207",OH,Columbus,28
Unknown,Vernon,54667,"106 Pederson Ct, Westby, WI 54667",WI,Westby,29
Apt 29,Los Angeles,90503,"21007 Victor St, Apt 29, Torrance, CA 90503",CA,Torrance,30
Unknown,Orange,32801,"33 N Summerlin Ave, Orlando, FL 32801",FL,Orlando,31
Unknown,Ozaukee,53074,"1407 Norview Cir, Port Washington, WI 53074",WI,Port Washington,32
Unknown,Orange,92886,"4128 Churchill Downs Dr, Yorba Linda, CA 92886",CA,Yorba Linda,33
Unknown,Douglas,30135,"4011 Kings Hwy, Douglasville, GA 30135",GA,Douglasville,34
Unknown,Weld,80543,"963 Settlers Dr, Milliken, CO 80543",CO,Milliken,35
Unknown,Tulsa,74135,"3909 E 40th St, Tulsa, OK 74135",OK,Tulsa,36
Unknown,Bexar,78270,"PO Box 701934, San Antonio, TX 78270",TX,San Antonio,37
Unknown,Solano,95687,"461 Jerrylee Rd, Vacaville, CA 95687",CA,Vacaville,38
Ste B,Spokane,99218,"9507 N Division St, Ste B, Spokane, WA 99218",WA,Spokane,39
Unknown,Queens,11362,"4548 248th St, Little Neck, NY 11362",NY,Little Neck,40
Unknown,Broward,33328,"10424 Sw 54th St, Cooper City, FL 33328",FL,Cooper City,41
Unknown,Columbia,32024,"226 Sw Cardinale Nest Gln, Lake City, FL 32024",FL,Lake City,42
Unknown,Fauquier,20115,"5503 Acorn Hill Way, Marshall, VA 20115",VA,Marshall,43
Unknown,Boone,61065,"4115 Cornflower Rd, Poplar Grove, IL 61065",IL,Poplar Grove,44
Unknown,Dallas,75044,"3170 Pebblebrook Dr, Garland, TX 75044",TX,Garland,45
49 S,Cabarrus,28075,"4500 Nc Hwy, 49 S, Harrisburg, NC 28075",NC,Harrisburg,46
Unknown,Ocean,8050,"3 Honeysuckle Dr, Manahawkin, NJ 08050",NJ,Manahawkin,47
Unknown,Kent,49301,"541 Adaway Ave SE, Ada, MI 49301",MI,Ada,48
Unknown,Denton,76227,"209 Lake Way, Cross Roads, TX 76227",TX,Cross Roads,49
Unknown,Baltimore City,21239,"5935 the Alameda, Baltimore, MD 21239",MD,Baltimore,50
# 1,Middlesex,8872,"140 Washington Rd, # 1, Sayreville, NJ 08872",NJ,Sayreville,51
Unknown,Windham,6239,"193 Mechanic St, Danielson, CT 06239",CT,Danielson,52
Unknown,Volusia,32128,"6404 Hanfield Ln, Port Orange, FL 32128",FL,Port Orange,53
Unknown,Dupage,60527,"122 Chestnut Hills Cir, Burr Ridge, IL 60527",IL,Burr Ridge,54
Unknown,Lamar,30257,"465 Weldon Lake Rd, Milner, GA 30257",GA,Milner,55
Unknown,Guthrie,50216,"4819 Castle Pt, Panora, IA 50216",IA,Panora,56
Unknown,Muskogee,74403,"521 Hillcrest St, Muskogee, OK 74403",OK,Muskogee,57
Unknown,Webb,78045,"3023 Anejo Dr, Laredo, TX 78045",TX,Laredo,58
Unknown,Pierce,98439,"4146 Fir St SW, Mcchord Afb, WA 98439",WA,Mcchord Afb,59
Unknown,Montgomery,45424,"6240 Stoney Creek Dr, Dayton, OH 45424",OH,Dayton,60
Unknown,Sarasota,34242,"5242 Avenida Del Mare, Sarasota, FL 34242",FL,Sarasota,61
Unknown,Travis,78660,"18609 Deep Water Dr, Pflugerville, TX 78660",TX,Pflugerville,62
Unknown,Henderson,42420,"3209 Culpepper Ct, Henderson, KY 42420",KY,Henderson,63
Unknown,Harris,77532,"13606 Sloth Bear Ct, Crosby, TX 77532",TX,Crosby,64
Unknown,El Paso,80922,"6730 Stockwell Dr, Colorado Springs, CO 80922",CO,Colorado Springs,65
Unknown,Philadelphia,19125,"2005 Tulip St, Philadelphia, PA 19125",PA,Philadelphia,66
Unknown,Milwaukee,53132,"3133 W Skamra Ave, Franklin, WI 53132",WI,Franklin,67
Unknown,Suffolk,2136,"826 River St, Hyde Park, MA 02136",MA,Hyde Park,68
Unknown,Miami-Dade,33167,"12975 Nw 17th Ave, Miami, FL 33167",FL,Miami,69
Unknown,Washoe,89506,"7670 Appenzell St, Reno, NV 89506",NV,Reno,70
Unknown,Greenville,29605,"51 Duke St, Greenville, SC 29605",SC,Greenville,71
Unknown,Lee,33990,"1421 Se 13th St, Cape Coral, FL 33990",FL,Cape Coral,72
Unknown,Maricopa,85257,"7301 E Sheridan St, Scottsdale, AZ 85257",AZ,Scottsdale,73
Unknown,York,29708,"4076 Triton Dr, Fort Mill, SC 29708",SC,Fort Mill,74
Unknown,District Of Columbia,20003,"232 Kentucky Ave SE, Washington, DC 20003",DC,Washington,75
Apt D,Adair,63501,"1305 Queens Ct, Apt D, Kirksville, MO 63501",MO,Kirksville,76
Apt 505,Greene,65807,"2835 S Fort Ave, Apt 505, Springfield, MO 65807",MO,Springfield,77
Unknown,Loudoun,20147,"20775 Apollo Ter, Ashburn, VA 20147",VA,Ashburn,78
Apt 3Y,Queens,11355,"4140 Union St, Apt 3Y, Flushing, NY 11355",NY,Flushing,79
Unknown,Botetourt,24064,"501 Stratford Dr, Blue Ridge, VA 24064",VA,Blue Ridge,80
Apt 5B,Bronx,10460,"975 E Tremont Ave, Apt 5B, Bronx, NY 10460",NY,Bronx,81
Unknown,Bernalillo,87121,"3416 Mata Ortiz Dr SW, Albuquerque, NM 87121",NM,Albuquerque,82
Unknown,Sarasota,34287,"6877 Ketona Rd, North Port, FL 34287",FL,North Port,83
Unknown,Oakland,48085,"6223 Silverstone Dr, Troy, MI 48085",MI,Troy,84
Unknown,Riverside,92530,"32946 Serena Way, Lake Elsinore, CA 92530",CA,Lake Elsinore,85
Unknown,Horry,29526,"1720 Church St, Conway, SC 29526",SC,Conway,86
Unknown,McLennan,76715,"PO Box 154282, Waco, TX 76715",TX,Waco,87
Apt 186,Clark,98686,"2406 Ne 139th St, Apt 186, Vancouver, WA 98686",WA,Vancouver,88
Apt 19,Washington,97229,"17662 Nw Concordia Ct, Apt 19, Portland, OR 97229",OR,Portland,89
Unknown,Hidalgo,78574,"714 W 27th St, Mission, TX 78574",TX,Mission,90
Unknown,St Joseph,46635,"1815 Winston Dr, South Bend, IN 46635",IN,South Bend,91
Lot 9,Long,31313,"8101 Elim Church Rd NE, Lot 9, Hinesville, GA 31313",GA,Hinesville,92
Unknown,Nassau,11762,"312 Grover Ave N, Massapequa Park, NY 11762",NY,Massapequa Park,93
Apt 10,Harris,77019,"2020 Huldy St, Apt 10, Houston, TX 77019",TX,Houston,94
Unknown,Allegheny,15213,"408 Atwood St, Pittsburgh, PA 15213",PA,Pittsburgh,95
Unknown,Taylor,79605,"2248 Sylvan Dr, Abilene, TX 79605",TX,Abilene,96
Unknown,West Carroll,71237,"141 Jackson Hts, Epps, LA 71237",LA,Epps,97
Unknown,Jefferson,40216,"5221 Mount Holyoke Dr, Louisville, KY 40216",KY,Louisville,98
Unknown,Cameron,78526,"834 E San Marcelo Blvd, Brownsville, TX 78526",TX,Brownsville,99
Unit 1ST,Bergen,7024,"2061 Ellery Ave, Unit 1ST, Fort Lee, NJ 07024",NJ,Fort Lee,100
Unknown,Santa Clara,95035,"1415 Olympic Dr, Milpitas, CA 95035",CA,Milpitas,101
Unit 1545-4,Salt Lake,84105,"1545 S Green Apt 4 St, Unit 1545-4, Salt Lake City, UT 84105",UT,Salt Lake City,102
Unknown,Howard,46902,"2308 Tam O Shanter Rd, Kokomo, IN 46902",IN,Kokomo,103
Unknown,Forsyth,27012,"3825 Littlebrook Dr, Clemmons, NC 27012",NC,Clemmons,104
Unknown,Los Angeles,90026,"1427 Kellam Ave, Los Angeles, CA 90026",CA,Los Angeles,105
Unknown,Maricopa,85042,"6055 S 42nd St, Phoenix, AZ 85042",AZ,Phoenix,106
Unknown,Riverside,92585,"27513 Camino Vacuna, Menifee, CA 92585",CA,Menifee,107
Unknown,Hamilton,45238,"4651 Joana Pl, Cincinnati, OH 45238",OH,Cincinnati,108
Apt 206,Los Angeles,91401,"5310 Circle Dr, Apt 206, Sherman Oaks, CA 91401",CA,Sherman Oaks,109
Unknown,Douglas,30122,"6687 Miller St, Lithia Springs, GA 30122",GA,Lithia Springs,110
Unknown,Snohomish,98043,"3602 222nd St SW, Mountlake Terrace, WA 98043",WA,Mountlake Terrace,111
Unknown,Dekalb,30088,"5339 Oshea Ln, Stone Mountain, GA 30088",GA,Stone Mountain,112
Unknown,Los Angeles,90011,"2635 Nevin Ave, Los Angeles, CA 90011",CA,Los Angeles,113
Unknown,Winchester City,22601,"143 Harvest Ridge Dr, Winchester, VA 22601",VA,Winchester,114
Unknown,Milwaukee,53223,"6203 W Boehlke Ave, Milwaukee, WI 53223",WI,Milwaukee,115
Unknown,Tazewell,61554,"1404 Catherine St, Pekin, IL 61554",IL,Pekin,116
Unknown,Harris,77007,"6640 Rodrigo St, Houston, TX 77007",TX,Houston,117
Unknown,Camden,8107,"714 White Horse Pike, Oaklyn, NJ 08107",NJ,Oaklyn,118
Apt 315,Clark,89014,"2950 N Green Valley Pkwy, Apt 315, Henderson, NV 89014",NV,Henderson,119
Unknown,Hillsborough,33578,"11106 Roberts Ln, Riverview, FL 33578",FL,Riverview,120
Unknown,Johnson,76084,"125 Presidents Way, Venus, TX 76084",TX,Venus,121
Unknown,Kendall,60543,"108 Allington Ct, Oswego, IL 60543",IL,Oswego,122
Unknown,Hartford,6489,"93 Faye Ln, Southington, CT 06489",CT,Southington,123
Unknown,Genesee,48505,"2317 Francis Ave, Flint, MI 48505",MI,Flint,124
Unit 3901,San Diego,92101,"700 W E St, Unit 3901, San Diego, CA 92101",CA,San Diego,125
Unknown,New Hanover,28411,"6809 Bridle Ct, Wilmington, NC 28411",NC,Wilmington,126
Ste 141,Saint Louis,63127,"10820 Sunset Office Dr, Ste 141, Saint Louis, MO 63127",MO,Saint Louis,127
Unit 14304,Arapahoe,80112,"7440 S Blackhawk St, Unit 14304, Englewood, CO 80112",CO,Englewood,128
Unit 346,Los Angeles County,91103,"75 W Walnut St, Unit 346, Pasadena, CA 91103",CA,Pasadena,129
Unknown,Person,27573,"1424 Lack Dr, Roxboro, NC 27573",NC,Roxboro,130
Unit D,Los Angeles,90638,"13624 La Jolla Cir, Unit D, La Mirada, CA 90638",CA,La Mirada,131
Unknown,Milwaukee,53207,"918 E Bolivar Ave, Milwaukee, WI 53207",WI,Milwaukee,132
Unknown,Douglas,80109,"5311 Blue Bonnet Ct, Castle Rock, CO 80109",CO,Castle Rock,133
Unknown,Campbell,24551,"286 Willow Oak Ter, Forest, VA 24551",VA,Forest,134
Unknown,Wayne,48207,"3338 Garfield St, Detroit, MI 48207",MI,Detroit,135
Unknown,Nye,89048,"3640 W Charleston Park Ave, Pahrump, NV 89048",NV,Pahrump,136
Unknown,Montgomery,20904,"1323 Chilton Dr, Silver Spring, MD 20904",MD,Silver Spring,137
Unknown,Maricopa,85282,"34 E Del Rio Dr, Tempe, AZ 85282",AZ,Tempe,138
Unknown,Iberia,70563,"208 Country Club Dr, New Iberia, LA 70563",LA,New Iberia,139
# 419-101,Lake,60002,"445 Donin Dr, # 419-101, Antioch, IL 60002",IL,Antioch,140
Unknown,Fairfax,22033,"4307 Stevens Battle Ln, Fairfax, VA 22033",VA,Fairfax,141
Unknown,Mohave,86426,"5665 S Pyramid Lake Ct, Fort Mohave, AZ 86426",AZ,Fort Mohave,142
Unknown,McLennan,76707,"3013 Lasker Ave, Waco, TX 76707",TX,Waco,143
Unknown,Travis,78749,"4001 Cortina Dr, Austin, TX 78749",TX,Austin,144
Unknown,Wyandotte,66103,"4410 S Minnie St, Kansas City, KS 66103",KS,Kansas City,145
Unknown,Cuyahoga,44118,"1301 Hereford Rd, Cleveland, OH 44118",OH,Cleveland,146
Unknown,Shelby,38109,"4008 Grantham Rd, Memphis, TN 38109",TN,Memphis,147
Apt 4,Alameda,94601,"3403 San Leandro St, Apt 4, Oakland, CA 94601",CA,Oakland,148
Apt 2,Monroe,33040,"921 Duval St, Apt 2, Key West, FL 33040",FL,Key West,149
Unknown,Orange,32825,"967 Old Barn Rd, Orlando, FL 32825",FL,Orlando,150
Unknown,Mobile,36609,"4109 Skyline Dr N, Mobile, AL 36609",AL,Mobile,151
Unknown,El Paso,79938,"2708 Tierra Malaga Pl, El Paso, TX 79938",TX,El Paso,152
Unknown,Jefferson,40299,"1101 Blackthorn Rd, Louisville, KY 40299",KY,Louisville,153
Unknown,Williamson,78717,"9440 Altona Way, Austin, TX 78717",TX,Austin,154
Unknown,Davidson,37013,"1078 Lakewalk Dr, Antioch, TN 37013",TN,Antioch,155
Unknown,Hot Spring,72104,"1105 Lincoln St, Malvern, AR 72104",AR,Malvern,156
Unknown,Tarrant,76021,"1232 Falcon Trl, Bedford, TX 76021",TX,Bedford,157
Unknown,Martin,34997,"1015 Se Westminster Pl, Stuart, FL 34997",FL,Stuart,158
Apt 2440,Dallas,75231,"7222 Fair Oaks Ave, Apt 2440, Dallas, TX 75231",TX,Dallas,159
Unknown,Baltimore City,21211,"4313 Falls Rd, Baltimore, MD 21211",MD,Baltimore,160
Unknown,Greenville,29680,"1 Long Acre Ln, Simpsonville, SC 29680",SC,Simpsonville,161
Unknown,Harris,77076,"1005 Turner Dr, Houston, TX 77076",TX,Houston,162
Unknown,Los Angeles,91766,"943 E 6th St, Pomona, CA 91766",CA,Pomona,163
Unknown,San Mateo,94070,"2 Calypso Ln, San Carlos, CA 94070",CA,San Carlos,164
Unknown,Philadelphia,19134,"3436 Tampa St, Philadelphia, PA 19134",PA,Philadelphia,165
Unknown,Burke,58773,"PO Box 192, Powers Lake, ND 58773",ND,Powers Lake,166
Unknown,Putnam,10541,"22 Highridge Rd, Mahopac, NY 10541",NY,Mahopac,167
Unknown,Snohomish,98203,"403 N Cabot Rd, Everett, WA 98203",WA,Everett,168
Unknown,Kaufman,75126,"145 Stone St, Forney, TX 75126",TX,Forney,169
Unknown,Calhoun,36201,"2518 Ammons St, Anniston, AL 36201",AL,Anniston,170
Unknown,Dallas,75038,"3813 Greenhills Ct E, Irving, TX 75038",TX,Irving,171
Unit 822,Denver,80202,"1700 Bassett St, Unit 822, Denver, CO 80202",CO,Denver,172
Apt A,Orange,92672,"205 W Escalones, Apt A, San Clemente, CA 92672",CA,San Clemente,173
Unknown,Clackamas,97222,"9670 Se 73rd Ave, Portland, OR 97222",OR,Portland,174
Unknown,Sacramento,95842,"5732 Hillsdale Blvd, Sacramento, CA 95842",CA,Sacramento,175
Unknown,Cook,60194,"308 Skyvue Ln, Schaumburg, IL 60194",IL,Schaumburg,176
Unit 5101,Middlesex,2472,"5 Repton Cir, Unit 5101, Watertown, MA 02472",MA,Watertown,177
Unknown,Lee,33993,"11479 Island Ave, Matlacha, FL 33993",FL,Matlacha,178
Unknown,Honolulu,96818,"4666 Lilikoi Ln, Honolulu, HI 96818",HI,Honolulu,179
Unknown,St. Clair County,62260,"7273 Wirth Rd, Millstadt, IL 62260",IL,Millstadt,180
Unknown,Yolo,95605,"1041 Carrie St, West Sacramento, CA 95605",CA,West Sacramento,181
Unknown,Los Angeles,91042,"7414 Apperson St, Tujunga, CA 91042",CA,Tujunga,182
101,Orleans,5859,"4079 Vt Rte, 101, Troy, VT 05859",VT,Troy,183
Unknown,Bergen,7666,"726 Cornwall Ave, Teaneck, NJ 07666",NJ,Teaneck,184
Unknown,Johnston,27504,"182 Rolling Oaks Ln, Benson, NC 27504",NC,Benson,185
Apt 613,Midland,79707,"4715 W Wadley Ave, Apt 613, Midland, TX 79707",TX,Midland,186
Unknown,Pulaski,72117,"709 Graham Ave, North Little Rock, AR 72117",AR,North Little Rock,187
Unknown,Lehigh,18062,"116 Hillcrest Dr S, Macungie, PA 18062",PA,Macungie,188
Unknown,Suffolk,11725,"20 Delmar Ln, Commack, NY 11725",NY,Commack,189
Unknown,Contra Costa,94801,"128 Western Dr, Richmond, CA 94801",CA,Richmond,190
Unknown,Maricopa,85042,"2426 E Darrel Rd, Phoenix, AZ 85042",AZ,Phoenix,191
Unknown,Cook,60624,"822 S Karlov Ave, Chicago, IL 60624",IL,Chicago,192
Unknown,Middlesex,7747,"52 Galewood Dr, Matawan, NJ 07747",NJ,Matawan,193
Unknown,Kaufman,75126,"3916 Hometown Blvd, Forney, TX 75126",TX,Forney,194
Unknown,Wake,27604,"1616 Arapahoe Ridge Dr, Raleigh, NC 27604",NC,Raleigh,195
Unknown,Alameda,94605,"10565 Englewood Dr, Oakland, CA 94605",CA,Oakland,196
Unknown,Baltimore City,21229,"3710 Harlem Ave, Baltimore, MD 21229",MD,Baltimore,197
Unknown,Cascade,59401,"2919 2nd Ave N, Great Falls, MT 59401",MT,Great Falls,198
Unknown,Sedgwick,67214,"317 N Lorraine Ave, Wichita, KS 67214",KS,Wichita,199
Unknown,Collin,75013,"1615 Tarrytown Ln, Allen, TX 75013",TX,Allen,200
Unknown,Chester,19335,"328 Mary St, Downingtown, PA 19335",PA,Downingtown,201
Unknown,Anchorage,99516,"11051 Jerome St, Anchorage, AK 99516",AK,Anchorage,202
Unknown,Nassau,11040,"13 S 6th St, New Hyde Park, NY 11040",NY,New Hyde Park,203
Unknown,Macomb,48066,"17891 Elizabeth St, Roseville, MI 48066",MI,Roseville,204
Unknown,Sumner,37066,"1494 Calvert Ct W, Gallatin, TN 37066",TN,Gallatin,205
Unknown,Westchester,10549,"23 Red Oak Ln, Mount Kisco, NY 10549",NY,Mount Kisco,206
Unknown,Mercer,8534,"51 Foster Rd, Pennington, NJ 08534",NJ,Pennington,207
Unknown,Duval,32219,"10028 Kings Crossing Dr, Jacksonville, FL 32219",FL,Jacksonville,208
Unknown,Fayette,30269,"112 Greensway, Peachtree City, GA 30269",GA,Peachtree City,209
Unknown,Queens,11355,"14314 45th Ave, Flushing, NY 11355",NY,Flushing,210
Unknown,Washington,21740,"13 Wabash Ave, Hagerstown, MD 21740",MD,Hagerstown,211
Apt 24106,Johnson,66223,"14651 Travis St, Apt 24106, Overland Park, KS 66223",KS,Overland Park,212
Unknown,Bell,76549,"2210 Wheeler Ave, Killeen, TX 76549",TX,Killeen,213
Unknown,Hillsborough,33615,"5706 Baywater Dr, Tampa, FL 33615",FL,Tampa,214
Apt 20,Orange,90621,"5699 Fullerton Ave, Apt 20, Buena Park, CA 90621",CA,Buena Park,215
Unknown,Franklin,43220,"1087 Folkestone Rd, Columbus, OH 43220",OH,Columbus,216
Unknown,Lake,34736,"12243 E Redwing Rd, Groveland, FL 34736",FL,Groveland,217
Apt 5N,Kings County,11218,"140 E 2nd St, Apt 5N, Brooklyn, NY 11218",NY,Brooklyn,218
Unknown,Berkeley,29410,"1120 Berkeley St, Hanahan, SC 29410",SC,Hanahan,219
Unknown,Clark,98660,"2415 Grant St, Vancouver, WA 98660",WA,Vancouver,220
Unknown,Merced,95340,"2028 Spy Glass Ct, Merced, CA 95340",CA,Merced,221
Apt 208,Douglas,68022,"18561 Chicago Ct, Apt 208, Elkhorn, NE 68022",NE,Elkhorn,222
Unknown,Cook,60659,"2509 W Thorndale Ave, Chicago, IL 60659",IL,Chicago,223
Unknown,Guilford,27410,"7119 W Friendly Ave Apt E, Greensboro, NC 27410",NC,Greensboro,224
Unknown,Lucas,43608,"1007 Clay Ave, Toledo, OH 43608",OH,Toledo,225
Unknown,Dallas,75050,"2101 Egyptian Way, Grand Prairie, TX 75050",TX,Grand Prairie,226
Unknown,Citrus,34433,"11379 N Wahoo Trl, Dunnellon, FL 34433",FL,Dunnellon,227
Unknown,Harris,77016,"5311 Knightwood St, Houston, TX 77016",TX,Houston,228
Unknown,Ocean,8050,"132 Seaspray Rd, Manahawkin, NJ 08050",NJ,Manahawkin,229
Unknown,Desoto,34269,"11427 Sw Courtney Dr, Lake Suzy, FL 34269",FL,Lake Suzy,230
Apt F114,Washoe,89433,"4400 El Rancho Dr, Apt F114, Sun Valley, NV 89433",NV,Sun Valley,231
Unknown,Mecklenburg,28273,"2933 Silverthorn Dr, Charlotte, NC 28273",NC,Charlotte,232
H10,Los Angeles,93535,"3213 E Ave, H10, Lancaster, CA 93535",CA,Lancaster,233
Unknown,Polk,33837,"404 Madina Cir, Davenport, FL 33837",FL,Davenport,234
Unknown,Luzerne,18707,"173 Gracedale Ave, Mountain Top, PA 18707",PA,Mountain Top,235
Unknown,Navajo,85929,"5176 Forest View Rd, Lakeside, AZ 85929",AZ,Lakeside,236
Unknown,Sullivan,12764,"First Ave, Tusten, NY 12764",NY,Tusten,237
Unknown,Tom Green,76903,"103 W Ave U, San Angelo, TX 76903",TX,San Angelo,238
Apt E,Hamilton,45202,"1639 Sycamore St, Apt E, Cincinnati, OH 45202",OH,Cincinnati,239
Unknown,Clinton,52732,"730 7th Avenue Ct N, Clinton, IA 52732",IA,Clinton,240
Apt 446,Pinellas,33708,"17117 Gulf Blvd, Apt 446, North Redington Beach, FL 33708",FL,North Redington Beach,241
Unknown,San Francisco,94112,"524 Faxon Ave, San Francisco, CA 94112",CA,San Francisco,242
Ste 145,Honolulu,96813,"419 South St, Ste 145, Honolulu, HI 96813",HI,Honolulu,243
Apt 273,Harris,77057,"3737 Hillcroft St, Apt 273, Houston, TX 77057",TX,Houston,244
Unknown,Marion,46203,"2869 E Raymond St, Indianapolis, IN 46203",IN,Indianapolis,245
Unknown,Guadalupe,78155,"406 Ave C, Seguin, TX 78155",TX,Seguin,246
Ste 152,Miami-Dade,33122,"2500 Nw 79th Ave, Ste 152, Miami, FL 33122",FL,Miami,247
Ste C,Travis,78702,"1311 E 6th St, Ste C, Austin, TX 78702",TX,Austin,248
Unknown,Douglas,80104,"866 Concho Ct, Castle Rock, CO 80104",CO,Castle Rock,249
Unknown,Kern,93311,"1701 Spring Grove Ln, Bakersfield, CA 93311",CA,Bakersfield,250
Unknown,Middlesex,1803,"8 Arthur Woods Ave, Burlington, MA 01803",MA,Burlington,251
Apt 609,Cook,60610,"1455 N Sandburg Ter, Apt 609, Chicago, IL 60610",IL,Chicago,252
Apt 5A,Kings,11249,"136 Wallabout St, Apt 5A, Brooklyn, NY 11249",NY,Brooklyn,253
Apt 406,Lee,33919,"15020 Bridgeway Ln, Apt 406, Fort Myers, FL 33919",FL,Fort Myers,254
Unknown,Hillsborough,33607,"2904 W Saint Conrad St, Tampa, FL 33607",FL,Tampa,255
20A,Fulton,43558,"2224 Us Hwy, 20A, Swanton, OH 43558",OH,Swanton,256
Unknown,Charleston,29401,"3 Gibbes St, Charleston, SC 29401",SC,Charleston,257
Unknown,Dekalb,30288,"3901 Sautee Trl, Conley, GA 30288",GA,Conley,258
Unknown,Miami-Dade,33147,"2120 Nw 81st Ter, Miami, FL 33147",FL,Miami,259
Unknown,Los Angeles,91331,"13037 Glamis St, Pacoima, CA 91331",CA,Pacoima,260
Unknown,Hartford,6110,"20 Grove St, West Hartford, CT 06110",CT,West Hartford,261
Unknown,Bronx,10462,"1955 Wallace Ave, Bronx, NY 10462",NY,Bronx,262
Apt 201,Maricopa,85015,"2417 W Campbell Ave, Apt 201, Phoenix, AZ 85015",AZ,Phoenix,263
Lot 217,Horry County,29566,"1241 Pyxie Moss Dr, Lot 217, Little River, SC 29566",SC,Little River,264
Unknown,McHenry,60050,"3200 Terrace Dr, Mchenry, IL 60050",IL,Mchenry,265
Unknown,West Baton Rouge,70710,"4035 Carolina Dr, Addis, LA 70710",LA,Addis,266
Unknown,Sonoma,95401,"1853 Glenbrook Dr, Santa Rosa, CA 95401",CA,Santa Rosa,267
Unknown,Oakland,48329,"6611 Saline Dr, Waterford, MI 48329",MI,Waterford,268
Unknown,Imperial,92227,"254 W Duarte St, Brawley, CA 92227",CA,Brawley,269
Unknown,Morgan,35622,"317 E Pike Rd, Falkville, AL 35622",AL,Falkville,270
Unknown,Saint Tammany,70460,"160 Serenity Dr, Slidell, LA 70460",LA,Slidell,271
Unknown,Kent,49507,"1480 Buchanan Ave SW, Grand Rapids, MI 49507",MI,Grand Rapids,272
Unknown,Allegheny,15045,"514 8th St, Glassport, PA 15045",PA,Glassport,273
Apt 325,Oklahoma,73120,"10401 Vineyard Blvd, Apt 325, Oklahoma City, OK 73120",OK,Oklahoma City,274
Unknown,San Bernardino,92315,"147 Round Dr, Big Bear Lake, CA 92315",CA,Big Bear Lake,275
Apt 212W,Hancock,50423,"600 1st St NW, Apt 212W, Britt, IA 50423",IA,Britt,276
Unknown,Solano,94533,"2779 Seabreeze Dr, Fairfield, CA 94533",CA,Fairfield,277
Unknown,Osceola,34758,"1756 Sugar Pine Ave, Kissimmee, FL 34758",FL,Kissimmee,278
Unknown,Johnson,66030,"560 E Mockingbird St, Gardner, KS 66030",KS,Gardner,279
Unknown,New Castle,19701,"811 Seymour Rd, Bear, DE 19701",DE,Bear,280
Unknown,Franklin,43224,"1900 Ward Rd, Columbus, OH 43224",OH,Columbus,281
Unknown,Polk,33837,"342 Foggy Creek Rd, Davenport, FL 33837",FL,Davenport,282
Unknown,Howard,20794,"7155 Montevideo Rd, Jessup, MD 20794",MD,Jessup,283
Unknown,Montgomery,20906,"13110 Hugo Pl, Silver Spring, MD 20906",MD,Silver Spring,284
Unknown,Johnston,27527,"85 Crew Club Ct, Clayton, NC 27527",NC,Clayton,285
Unknown,Dekalb,30038,"7630 Sugar Plum Ln, Lithonia, GA 30038",GA,Lithonia,286
Unknown,Jefferson,80470,"30279 Chalet Cir, Pine, CO 80470",CO,Pine,287
Unknown,Shelby,38111,"256 Windover Grove Dr, Memphis, TN 38111",TN,Memphis,288
Unknown,Cambria,15906,"1311 Pennsylvania Ave, Johnstown, PA 15906",PA,Johnstown,289
Unknown,Oklahoma,73159,"2616 Sw 71st St, Oklahoma City, OK 73159",OK,Oklahoma City,290
Unknown,Wake,27545,"702 Crosstie St, Knightdale, NC 27545",NC,Knightdale,291
Unknown,Lee,33990,"2212 Se 11th St, Cape Coral, FL 33990",FL,Cape Coral,292
Ste A,Craighead,72401,"2704 S Culberhouse St, Ste A, Jonesboro, AR 72401",AR,Jonesboro,293
Unknown,Columbia,30813,"134 Ginkgo Ln, Grovetown, GA 30813",GA,Grovetown,294
Unknown,Macomb,48035,"36692 Suffolk St, Clinton Township, MI 48035",MI,Clinton Township,295
Unknown,Broward,33024,"131 Nw 76th Ave, Pembroke Pines, FL 33024",FL,Pembroke Pines,296
Unknown,Essex,7105,"113 Komorn St, Newark, NJ 07105",NJ,Newark,297
Unknown,Cook,60153,"1825 S 18th Ave, Maywood, IL 60153",IL,Maywood,298
Unknown,Madison,39110,"101 Channel Ln, Madison, MS 39110",MS,Madison,299
Unknown,Los Angeles,91745,"16616 Circle Hill Ln, Hacienda Heights, CA 91745",CA,Hacienda Heights,300
Unknown,Nassau,11735,"15 Avon Rd, Farmingdale, NY 11735",NY,Farmingdale,301
Unknown,Santa Clara County,95051,"935 Pomeroy Ave, Santa Clara, CA 95051",CA,Santa Clara,302
Apt 2S,Saint Louis,63105,"7625 Wydown Blvd, Apt 2S, Saint Louis, MO 63105",MO,Saint Louis,303
Unknown,Clark,89134,"2813 Bent Tree Ct, Las Vegas, NV 89134",NV,Las Vegas,304
Unknown,Bergen,7621,"161 E Church St, Bergenfield, NJ 07621",NJ,Bergenfield,305
Unknown,Queens,11379,"6919A 62nd Ave, Middle Village, NY 11379",NY,Middle Village,306
Lot R251,Maricopa,85021,"2050 W Dunlap Ave, Lot R251, Phoenix, AZ 85021",AZ,Phoenix,307
Unknown,Burleson,77836,"707 S Harvey St, Caldwell, TX 77836",TX,Caldwell,308
Unit 301,Los Angeles,91331,"12251 Osborne St, Unit 301, Pacoima, CA 91331",CA,Pacoima,309
# 2,Cook,60616,"3244 S Parnell Ave, # 2, Chicago, IL 60616",IL,Chicago,310
Unknown,Mahoning,44509,"111 S Maryland Ave, Youngstown, OH 44509",OH,Youngstown,311
Apt K12,Honolulu,96825,"7007 Hawaii Kai Dr, Apt K12, Honolulu, HI 96825",HI,Honolulu,312
Unknown,Maricopa,85382,"21295 N 95th Dr, Peoria, AZ 85382",AZ,Peoria,313
Unknown,Vanderburgh,47714,"2312 E Walnut St, Evansville, IN 47714",IN,Evansville,314
Unknown,Newton,30054,"35 Crabapple Ridge Dr, Oxford, GA 30054",GA,Oxford,315
Unknown,Saint Johns,32086,"1060 S Winterhawk Dr, Saint Augustine, FL 32086",FL,Saint Augustine,316
Unknown,Sussex,19971,"21297 Catalina Cir, Rehoboth Beach, DE 19971",DE,Rehoboth Beach,317
Unknown,Angelina,75904,"3001 Old Union Rd, Lufkin, TX 75904",TX,Lufkin,318
Unknown,Beaufort,29910,"17 Middleton Gardens Pl, Bluffton, SC 29910",SC,Bluffton,319
Unknown,Alamance,27215,"2418 Moran St, Burlington, NC 27215",NC,Burlington,320
Apt 2L,Kings,11232,"214 23rd St, Apt 2L, Brooklyn, NY 11232",NY,Brooklyn,321
Apt 1A,Lehigh,18018,"725 5th Ave, Apt 1A, Bethlehem, PA 18018",PA,Bethlehem,322
Unknown,Dale,36360,"454 Magnolia St, Ozark, AL 36360",AL,Ozark,323
Unknown,King,98122,"618 Fullerton Ave, Seattle, WA 98122",WA,Seattle,324
Unknown,Prince William,22172,"18345 Sharon Rd, Triangle, VA 22172",VA,Triangle,325
Unknown,Hunt,75428,"2821 Windy Dr, Commerce, TX 75428",TX,Commerce,326
Unknown,Harris,77089,"10322 Grandbrook Dr, Houston, TX 77089",TX,Houston,327
Unknown,Miami-Dade,33193,"16041 Sw 86th Ln, Miami, FL 33193",FL,Miami,328
Unit 2,Allegheny,15221,"313 South Ave, Unit 2, Pittsburgh, PA 15221",PA,Pittsburgh,329
Lot A39,Sedgwick,67216,"4560 S Hydraulic St, Lot A39, Wichita, KS 67216",KS,Wichita,330
Unknown,Los Angeles,91711,"1591 N Mountain Ave, Claremont, CA 91711",CA,Claremont,331
Unknown,Gwinnett,30518,"5297 Blossom Brook Dr, Sugar Hill, GA 30518",GA,Sugar Hill,332
Unknown,Lycoming,17701,"2318 Lincoln Dr, Williamsport, PA 17701",PA,Williamsport,333
Unknown,Cook,60634,"3215 N Normandy Ave, Chicago, IL 60634",IL,Chicago,334
Unknown,New Castle,19713,"25 Anglin Dr, Newark, DE 19713",DE,Newark,335
Apt 4,Los Angeles,90403,"913 19th St, Apt 4, Santa Monica, CA 90403",CA,Santa Monica,336
Unknown,Hillsborough,33604,"204 E Hamilton Ave, Tampa, FL 33604",FL,Tampa,337
Unknown,Marin,94942,"PO Box 689, Mill Valley, CA 94942",CA,Mill Valley,338
Apt N11,East Baton Rouge,70807,"7801 Scenic Hwy, Apt N11, Baton Rouge, LA 70807",LA,Baton Rouge,339
Apt 308,Wayne,48185,"36500 Marquette St, Apt 308, Westland, MI 48185",MI,Westland,340
Unknown,Hernando,34614,"11421 Maripoe Rd, Weeki Wachee, FL 34614",FL,Weeki Wachee,341
Unknown,Mecklenburg,28214,"1501 Elswick Ln, Charlotte, NC 28214",NC,Charlotte,342
Unknown,Osceola,34743,"2058 Cypress Bay Blvd, Kissimmee, FL 34743",FL,Kissimmee,343
Unknown,Los Angeles,91402,"7963 Stansbury Ave, Panorama City, CA 91402",CA,Panorama City,344
Unknown,Tallapoosa,36853,"421 Willis Rd, Dadeville, AL 36853",AL,Dadeville,345
Unknown,Sherburne,55319,"7862 Gunner Dr, Clear Lake, MN 55319",MN,Clear Lake,346
Unknown,Anchorage,99502,"7266 Tyre Dr, Anchorage, AK 99502",AK,Anchorage,347
Apt 25F,Adams,80003,"8300 Sheridan Blvd, Apt 25F, Arvada, CO 80003",CO,Arvada,348
Unknown,Anne Arundel,21061,"711 Hyde Park Dr, Glen Burnie, MD 21061",MD,Glen Burnie,349
Unknown,Wayne,48202,"111 Chandler St, Detroit, MI 48202",MI,Detroit,350
Unknown,Jefferson,40210,"1845 W Kentucky St, Louisville, KY 40210",KY,Louisville,351
Unknown,Tarrant,76017,"947 White Dove Dr, Arlington, TX 76017",TX,Arlington,352
Unknown,Shelby,38104,"2103 Nelson Ave, Memphis, TN 38104",TN,Memphis,353
Apt 1,Conway,72110,"608 Oak St, Apt 1, Morrilton, AR 72110",AR,Morrilton,354
# 702,St. Johns,32086,"702 Augusta Cir, # 702, Saint Augustine, FL 32086",FL,Saint Augustine,355
Unknown,Jackson,97502,"842 Forest Glen Dr, Central Point, OR 97502",OR,Central Point,356
Unknown,Dallam,79022,"715 Matlock St, Dalhart, TX 79022",TX,Dalhart,357
Unknown,Hennepin,55408,"3032 Grand Ave S, Minneapolis, MN 55408",MN,Minneapolis,358
Unknown,El Dorado,95682,"3474 Covello Cir, Cameron Park, CA 95682",CA,Cameron Park,359
Unknown,Fairfax,22180,"8418 Manassas Cir, Vienna, VA 22180",VA,Vienna,360
Unknown,Cook,60062,"1920 Deercrest Ln, Northbrook, IL 60062",IL,Northbrook,361
Unknown,York County,17402,"3090 E Prospect Rd, York, PA 17402",PA,York,362
Unknown,Shelby,35040,"1063 Timberline Rdg, Calera, AL 35040",AL,Calera,363
Unknown,Iredell,28677,"108 Artist Ln, Statesville, NC 28677",NC,Statesville,364
Trlr 55,King,98059,"11414 164th Ave SE, Trlr 55, Renton, WA 98059",WA,Renton,365
Apt 2N,Cook,60657,"2841 N Clark St, Apt 2N, Chicago, IL 60657",IL,Chicago,366
Apt 16201,Tarrant,76051,"2050 Grayson Dr, Apt 16201, Grapevine, TX 76051",TX,Grapevine,367
Apt 1R,Kings,11222,"111 Freeman St, Apt 1R, Brooklyn, NY 11222",NY,Brooklyn,368
Unknown,Walton,32433,"406 N 1st St, Defuniak Springs, FL 32433",FL,Defuniak Springs,369
Unknown,Alamance,27253,"1048A Gant Rd, Graham, NC 27253",NC,Graham,370
Unknown,Paulding,30127,"33 Landing Ct, Powder Springs, GA 30127",GA,Powder Springs,371
Unknown,Chatham,31419,"117 Stockbridge Dr, Savannah, GA 31419",GA,Savannah,372
Apt 120,Washington,97006,"2369 Nw Schmidt Way, Apt 120, Beaverton, OR 97006",OR,Beaverton,373
Unknown,Kerr,78028,"130 Codrington Dr, Kerrville, TX 78028",TX,Kerrville,374
Apt B6,Lee,33904,"1718 Beach Pkwy, Apt B6, Cape Coral, FL 33904",FL,Cape Coral,375
Unknown,Philadelphia,19103,"2407 Delancey Pl, Philadelphia, PA 19103",PA,Philadelphia,376
Unknown,Erie County,14127,"7323 Chestnut Ridge Rd, Orchard Park, NY 14127",NY,Orchard Park,377
Unknown,Seminole,32771,"6235 Bordeaux Cir, Sanford, FL 32771",FL,Sanford,378
Unknown,Richmond City,23218,"PO Box 412, Richmond, VA 23218",VA,Richmond,379
Unknown,Charleston,29455,"2876 River Rd, Johns Island, SC 29455",SC,Johns Island,380
Unknown,Buncombe,28787,"Eller Cove Rd, Weaverville, NC 28787",NC,Weaverville,381
Unknown,Concordia,71354,"131 Cove Ln, Monterey, LA 71354",LA,Monterey,382
Unknown,Los Angeles,91780,"6384 Oak Ave, Temple City, CA 91780",CA,Temple City,383
Apt 201,Dallas,75062,"4304 Rainier St, Apt 201, Irving, TX 75062",TX,Irving,384
Unknown,Orange,92844,"13902 Summerwood Pl, Garden Grove, CA 92844",CA,Garden Grove,385
Unknown,Chesapeake City,23320,"705 Sutherland Dr, Chesapeake, VA 23320",VA,Chesapeake,386
Unknown,Spartanburg,29316,"411 Waterford Point Dr, Boiling Springs, SC 29316",SC,Boiling Springs,387
Unknown,St Joseph,46544,"330 Niles Ave, Mishawaka, IN 46544",IN,Mishawaka,388
Apt 21A,District Of Columbia,20020,"1808 23rd St SE, Apt 21A, Washington, DC 20020",DC,Washington,389
Apt G,Newport News City,23604,"345 26th St, Apt G, Fort Eustis, VA 23604",VA,Fort Eustis,390
Unknown,Cobb,30126,"5055 Huntcrest Dr SW, Mableton, GA 30126",GA,Mableton,391
Unknown,Cuyahoga,44110,"13411 Casper Rd, Cleveland, OH 44110",OH,Cleveland,392
Unknown,Clark,98685,"14408 Ne 9th Ct, Vancouver, WA 98685",WA,Vancouver,393
Unknown,Maricopa,85326,"250 N Pima Rd, Buckeye, AZ 85326",AZ,Buckeye,394
Unknown,Ocean,8701,"27 Deerchase Ln, Lakewood, NJ 08701",NJ,Lakewood,395
Apt L13,Wayne,48141,"255 Cherry Valley Dr, Apt L13, Inkster, MI 48141",MI,Inkster,396
Unknown,Forsyth,27104,"5315 Delta Dr, Winston Salem, NC 27104",NC,Winston Salem,397
Unknown,Lancaster,29707,"6193 Jack Thomas Dr, Fort Mill, SC 29707",SC,Fort Mill,398
Unknown,Livingston,70726,"25394 Homestead Dr, Denham Springs, LA 70726",LA,Denham Springs,399
Unknown,District Of Columbia,20020,"1732 40th St SE, Washington, DC 20020",DC,Washington,400
Unknown,Dallas,75044,"2202 Village Crest Dr, Garland, TX 75044",TX,Garland,401
Apt 2,Cook,60647,"3012 W Fullerton Ave, Apt 2, Chicago, IL 60647",IL,Chicago,402
Unknown,Chemung,14905,"470 W Water St, Elmira, NY 14905",NY,Elmira,403
Unknown,Gallatin,59714,"215 W Main St, Belgrade, MT 59714",MT,Belgrade,404
Unknown,Arapahoe,80013,"2751 S Ireland Way, Aurora, CO 80013",CO,Aurora,405
Unknown,Riverside,92201,"83181 Tourmaline Ave, Indio, CA 92201",CA,Indio,406
Unknown,Montgomery,77304,"237 Tupelo Ln, Conroe, TX 77304",TX,Conroe,407
Unknown,Cook,60459,"8615 Major Ave, Burbank, IL 60459",IL,Burbank,408
Unknown,Philadelphia,19144,"112 E Duval St, Philadelphia, PA 19144",PA,Philadelphia,409
Unknown,Baltimore,21136,"40 Bensmill Ct, Reisterstown, MD 21136",MD,Reisterstown,410
Unknown,Randall,79015,"40 Nicci Ln, Canyon, TX 79015",TX,Canyon,411
Apt 9,Brown,54301,"1012 Cherry St, Apt 9, Green Bay, WI 54301",WI,Green Bay,412
Unknown,Alexandria City,22304,"5020 Waple Ln, Alexandria, VA 22304",VA,Alexandria,413
Unknown,Los Angeles,90723,"13424 Fanshaw Ave, Paramount, CA 90723",CA,Paramount,414
Apt 3203,Travis County,78744,"515 E Slaughter Ln, Apt 3203, Austin, TX 78744",TX,Austin,415
Unknown,Kings,11234,"1785 E 52nd St, Brooklyn, NY 11234",NY,Brooklyn,416
Unknown,Hall,30548,"6997 Cherry Blossom Ln, Hoschton, GA 30548",GA,Hoschton,417
Unknown,Queens,11373,"4263 78th St, Elmhurst, NY 11373",NY,Elmhurst,418
Unknown,Shelby,38106,"605 E Mallory Ave, Memphis, TN 38106",TN,Memphis,419
Unknown,Livingston,61739,"402 W Livingston St, Fairbury, IL 61739",IL,Fairbury,420
Unknown,Salt Lake,84117,"PO Box 17532, Salt Lake City, UT 84117",UT,Salt Lake City,421
Apt A11,Mecosta,49307,"20151 Gilbert Rd, Apt A11, Big Rapids, MI 49307",MI,Big Rapids,422
Apt 505,Cook,60016,"675 Pearson St, Apt 505, Des Plaines, IL 60016",IL,Des Plaines,423
Unit 202,Loudoun,20147,"20960 Tmbr Rdg Ter, Unit 202, Ashburn, VA 20147",VA,Ashburn,424
Unknown,Franklin,43026,"5375 Bridle Creek Way, Hilliard, OH 43026",OH,Hilliard,425
Unknown,Jefferson,35211,"2913 Dawson Ave SW, Birmingham, AL 35211",AL,Birmingham,426
Unknown,Bucks,19047,"957 Poplar St, Langhorne, PA 19047",PA,Langhorne,427
Unknown,Muskogee County,74403,"3205 E Shawnee Byp, Muskogee, OK 74403",OK,Muskogee,428
Unknown,Marshall,35976,"315 Old Solitude Rd, Guntersville, AL 35976",AL,Guntersville,429
Unknown,Fredericksburg,22405,"6 Creekway Ln, Fredericksburg, VA 22405",VA,Fredericksburg,430
Unknown,Yuma,85367,"11401 S Viewpointe Ave, Yuma, AZ 85367",AZ,Yuma,431
Unknown,Ouachita,71291,"114 Lemont Dr, West Monroe, LA 71291",LA,West Monroe,432
Unknown,Tulsa,74012,"1947 S Fern Ave, Broken Arrow, OK 74012",OK,Broken Arrow,433
Unknown,Ada,83704,"2244 N Pilgrim Pl, Boise, ID 83704",ID,Boise,434
Unknown,Saint Francois,63640,"208 Addie Dr, Farmington, MO 63640",MO,Farmington,435
Apt 2A,San Diego,92101,"540 Hawthorn St, Apt 2A, San Diego, CA 92101",CA,San Diego,436
Apt I,Anne Arundel,21403,"10 Sandstone Ct, Apt I, Annapolis, MD 21403",MD,Annapolis,437
Unknown,Pima,85712,"4223 E Parting Waters Way, Tucson, AZ 85712",AZ,Tucson,438
Apt 3038-2,Maricopa,85027,"19645 N 31st Ave, Apt 3038-2, Phoenix, AZ 85027",AZ,Phoenix,439
Apt 606,Collier,34145,"1070 S Collier Blvd, Apt 606, Marco Island, FL 34145",FL,Marco Island,440
Unknown,Pinellas County,33712,"1224 33rd St S, Saint Petersburg, FL 33712",FL,Saint Petersburg,441
Unknown,Harris,77502,"2601 Martin St, Pasadena, TX 77502",TX,Pasadena,442
Unknown,Scurry,79549,"1811 Ave T, Snyder, TX 79549",TX,Snyder,443
Unknown,Orange,92841,"11702 Yana Dr, Garden Grove, CA 92841",CA,Garden Grove,444
Unknown,Delaware County,43015,"1899 Lawrence Rd, Delaware, OH 43015",OH,Delaware,445
Unknown,Cook,60426,"15932 Lathrop Ave, Harvey, IL 60426",IL,Harvey,446
Unknown,Harris,77494,"23202 Spruce Falls Ct, Katy, TX 77494",TX,Katy,447
Unknown,Elbert,80107,"4610 Colliers Reserve Cir, Elizabeth, CO 80107",CO,Elizabeth,448
Unknown,Clark,98682,"12908 Ne 51st St, Vancouver, WA 98682",WA,Vancouver,449
Unknown,Lane,97477,"1048 S St, Springfield, OR 97477",OR,Springfield,450
Unknown,Duval,32207,"4127 Saint Augustine Rd, Jacksonville, FL 32207",FL,Jacksonville,451
Unknown,Comal,78133,"3049 Westview Dr, Canyon Lake, TX 78133",TX,Canyon Lake,452
Unknown,Guilford,27214,"4801 Mystic Oak Dr, Browns Summit, NC 27214",NC,Browns Summit,453
Unknown,Montgomery,36106,"1435 E Fairview Ave Apt A, Montgomery, AL 36106",AL,Montgomery,454
Unknown,Carroll,44615,"271 2nd St SE, Carrollton, OH 44615",OH,Carrollton,455
Unknown,Lake,34711,"1515 Pier St, Clermont, FL 34711",FL,Clermont,456
Unknown,Ulster,12568,"PO Box 638, Plattekill, NY 12568",NY,Plattekill,457
Unknown,Volusia,32128,"5303 Georgia Peach Ave, Port Orange, FL 32128",FL,Port Orange,458
Unknown,Pima,85614,"631 S Placita Del Exito, Green Valley, AZ 85614",AZ,Green Valley,459
Apt C,New Hanover,28411,"7106 Cape Harbor Dr, Apt C, Wilmington, NC 28411",NC,Wilmington,460
Unknown,Lucas,43607,"3440 Inverness Ave, Toledo, OH 43607",OH,Toledo,461
Apt E,Baltimore,21136,"11915 Tarragon Rd, Apt E, Reisterstown, MD 21136",MD,Reisterstown,462
Unknown,Sacramento,95662,"8237 Oakenshaw Way, Orangevale, CA 95662",CA,Orangevale,463
1 Apt C301,Palm Beach,33477,"353 S Us Hwy, 1 Apt C301, Jupiter, FL 33477",FL,Jupiter,464
Unknown,Not available,22960,"21071 Oak Springs Rd, Orange, VA 22960",VA,Orange,465
Unknown,Jackson,30549,"71 Will Clark Rd, Jefferson, GA 30549",GA,Jefferson,466
Unknown,Queens,11365,"7124 165th St, Fresh Meadows, NY 11365",NY,Fresh Meadows,467
Apt 1,Philadelphia,19144,"457 W Hansberry St, Apt 1, Philadelphia, PA 19144",PA,Philadelphia,468
Unknown,Burleigh,58503,"4213 Cumberland Loop, Bismarck, ND 58503",ND,Bismarck,469
Unknown,Cook,60644,"4939 W Superior St, Chicago, IL 60644",IL,Chicago,470
Unknown,Allen,46806,"4409 S Park Dr, Fort Wayne, IN 46806",IN,Fort Wayne,471
Apt 2109,Rockland,10901,"4 Revere Ct, Apt 2109, Suffern, NY 10901",NY,Suffern,472
Apt 1307,Fort Bend,77406,"9900 S Mason Rd, Apt 1307, Richmond, TX 77406",TX,Richmond,473
Unknown,Jefferson,13605,"37 N Main St, Adams, NY 13605",NY,Adams,474
Unknown,San Diego,91913,"1836 Ashley Ave, Chula Vista, CA 91913",CA,Chula Vista,475
Unknown,Westmoreland,15601,"153 Craig Dr, Greensburg, PA 15601",PA,Greensburg,476
Unknown,Rice,55057,"1101 Spring St S, Northfield, MN 55057",MN,Northfield,477
Apt 502,San Francisco,94103,"1168 Folsom St, Apt 502, San Francisco, CA 94103",CA,San Francisco,478
Unknown,Brevard,32922,"1216 Myrtle Ln, Cocoa, FL 32922",FL,Cocoa,479
Unknown,Maricopa,85308,"4133 W Menadota Dr, Glendale, AZ 85308",AZ,Glendale,480
Unknown,Gwinnett,30011,"783 Win West Xing, Auburn, GA 30011",GA,Auburn,481
Unknown,San Bernardino,91786,"1597 Whieldon Way, Upland, CA 91786",CA,Upland,482
Unknown,King,98117,"6735 Alonzo Ave Nw # C, Seattle, WA 98117",WA,Seattle,483
Unknown,Queens,11420,"13555 120th St, South Ozone Park, NY 11420",NY,South Ozone Park,484
Apt 130,Travis,78722,"2401 Manor Rd, Apt 130, Austin, TX 78722",TX,Austin,485
Ste 201,Cobb,30060,"737 Roswell St NE, Ste 201, Marietta, GA 30060",GA,Marietta,486
Unknown,Hillsborough,33570,"1601 Climbing Dayflower Dr, Ruskin, FL 33570",FL,Ruskin,487
Unknown,Winnebago,54956,"945 Betty Ave, Neenah, WI 54956",WI,Neenah,488
Unknown,Fulton,30324,"1209 Lavista Rd NE, Atlanta, GA 30324",GA,Atlanta,489
Unknown,Collin,75071,"7313 E Fork Ln, Mckinney, TX 75071",TX,Mckinney,490
Unknown,Seminole,32703,"3513 W Lina Ln, Apopka, FL 32703",FL,Apopka,491
Unknown,Franklin,63090,"4920 S Point Dr, Washington, MO 63090",MO,Washington,492
Unknown,Charlotte,33948,"17074 Edgewater Dr, Port Charlotte, FL 33948",FL,Port Charlotte,493
Unknown,San Bernardino,92346,"7945 Primrose Ln, Highland, CA 92346",CA,Highland,494
Unknown,Burlington,8016,"227 W Broad St, Burlington, NJ 08016",NJ,Burlington,495
Unknown,Tulare,93291,"903 W Murray Ave Ste A, Visalia, CA 93291",CA,Visalia,496
Unknown,Miami-Dade,33125,"455 Nw 25th Ave, Miami, FL 33125",FL,Miami,497
Ste 112-1,Hillsborough,33566,"1701 S Alexander St, Ste 112-1, Plant City, FL 33566",FL,Plant City,498
Unknown,Tulsa,74037,"193 W 115th Ct, Jenks, OK 74037",OK,Jenks,499
Unknown,Hopewell City,23860,"806 Appomattox St, Hopewell, VA 23860",VA,Hopewell,500
